id,lat,lng,duration
1,35.53482230000001,129.2987497,1095712.0
2,35.4422317,129.3079002,1246911.0
3,35.5366785,129.2851759,1259295.0
4,35.4077815,129.28631,1417181.0
5,35.5625399,129.2285332,1579414.0
6,35.5481709,129.3150313,1121200.0
7,35.5514583,129.253809,1408867.0
8,35.4353551,129.3115951,1066918.0
9,35.2266324,129.0800565,3169394.0
10,35.557903,129.3083315,1302812.0
11,35.524352,129.317304,871290.0
12,35.335747,129.166768,2512192.0
13,35.53732189999999,129.3208043,835860.0
14,35.4045597,129.2896431,1415862.0
15,35.5174192,129.3153684,907552.0
16,35.41225319999999,129.2851988,1209987.0
17,35.5425461,129.4311815,1570396.0
18,35.4865223,129.2948347,878835.0
19,35.4139167,129.2821766,1158977.0
20,35.5239629,129.3247198,705449.0
21,35.5551616,129.2524243,1284735.0
22,35.4413583,129.3073993,1204983.0
23,35.3968853,129.2375797,1754719.0
24,35.4136661,129.2798902,1187986.0
25,35.553446,129.256594,1311594.0
26,35.3430375,129.3189852,2040242.0
27,35.5571231,129.1899537,1749895.0
28,35.5197753,129.3129616,905062.0
29,35.2166615,128.6914018,4718223.0
30,35.5272401,129.3163594,807425.0
31,35.5321287,129.3316078,780836.0
32,35.5799561,129.3141081,1771701.0
33,35.483884,129.303975,837927.0
34,35.63036719999999,129.3362435,1655462.0
35,35.6416997,129.3617407,1774133.0
36,37.5104801,126.8591496,15762327.0
37,35.4070213,129.2827995,1357351.0
38,37.3549003,127.1125776,14887361.0
39,37.3061498,126.9685333,14498901.0
40,35.548422,129.2514165,1471644.0
41,37.6132172,127.0027802,15547110.0
42,37.5263715,126.8962283,15886419.0
43,37.4976556,127.0472703,15296083.0
44,37.4840455,127.0099965,15012437.0
45,37.7192361,126.7153922,17067214.0
46,37.4957267,127.0603371,15289032.0
47,35.405605,129.2907397,1404034.0
48,34.8901333,128.4499012,7432539.0
49,35.5511275,129.3832413,1178110.0
50,37.3842532,126.9799018,14813243.0
51,35.2554743,129.2177837,2454037.0
52,35.5390432,129.2597254,1279695.0
53,,,
54,35.5611836,129.331885,1166787.0
55,37.3958051,126.9466718,15137320.0
56,35.5388499,129.3194698,916415.0
57,,,
58,35.219543,128.7047862,4763710.0
59,35.5600695,129.3375967,1151488.0
60,35.5514583,129.253809,1408867.0
61,35.5727428,129.2434623,1651692.0
62,35.5531261,129.3225803,1021717.0
63,35.6416997,129.3617407,1768679.0
64,35.5390432,129.2597254,1279695.0
65,35.5483758,129.2546913,1389707.0
66,35.135114,128.992317,3981832.0
67,37.7084605,126.9034728,15874094.0
68,35.4360786,129.2978614,1042543.0
69,35.5799607,129.3217944,1637294.0
70,35.521918,129.319489,886929.0
71,35.5294345,129.3238586,779510.0
72,37.5015317,126.73038,15699502.0
73,,,
74,35.1721653,129.0777275,3269392.0
75,35.410871,129.28256,1280622.0
76,37.4890746,127.1142451,14983359.0
77,37.3075128,127.0850497,14344514.0
78,35.4421832,129.3157678,1011391.0
79,,,
80,37.272975,127.0432025,14374714.0
81,37.3897502,126.9525047,15175280.0
82,35.5574066,129.2624922,1392809.0
83,35.51257520000001,129.3129712,856672.0
84,35.5321287,129.3316078,780362.0
85,35.6456156,129.3469642,1907302.0
86,35.5309622,129.3279693,696196.0
87,35.535045,129.3266082,766705.0
88,35.5757714,129.3072456,1654042.0
89,35.5479587,129.2795462,1408538.0
90,35.1298466,129.1110979,2828873.0
91,35.5302189,129.3257731,753959.0
92,35.5486245,129.251487,1479839.0
93,35.5454037,129.2632249,1158438.0
94,35.5581117,129.3560159,975530.0
95,35.1687522,129.1804932,2780066.0
96,35.0747651,129.0728051,3540948.0
97,35.5514583,129.253809,1408867.0
98,37.4890187,127.1009042,15010728.0
99,37.2712178,127.0398592,14463233.0
100,35.0576502,128.9641553,4195575.0
101,35.5316842,129.3223309,837587.0
102,35.5416433,129.3027713,1123518.0
103,37.3085083,126.839768,15141814.0
104,,,
105,35.5757714,129.3072456,1653914.0
106,37.4806489,126.9919492,15193539.0
107,37.5190781,127.1015754,14787431.0
108,35.5466828,129.340801,1008356.0
109,35.1739082,129.0506867,3787267.0
110,35.4945203,129.2381731,1441646.0
111,37.2564078,127.0776074,14129911.0
112,35.5395993,129.2898337,1333382.0
113,37.4936806,126.8681767,15549555.0
114,35.1880242,128.9916491,3289720.0
115,35.4267465,129.3307966,984763.0
116,37.0013181,127.9905003,11481308.0
117,35.4945203,129.2381731,1441646.0
118,35.1880242,128.9916491,3289730.0
119,37.4123666,127.2560348,13765467.0
120,37.4920614,126.8512744,15717714.0
121,35.5532092,129.3120535,1369218.0
122,37.4876572,127.0684907,15172186.0
123,35.5371565,129.298858,1096908.0
124,35.4375595,129.309122,1137537.0
125,35.1793898,129.1782709,2440633.0
126,35.5646515,129.2686128,1605629.0
127,35.5524304,129.2547533,1357249.0
128,35.1757227,129.1296644,2650243.0
129,,,
130,,,
131,37.472383,126.873161,15442560.0
132,35.4357119,129.2981771,1041696.0
133,35.410871,129.28256,1277804.0
134,35.2195427,128.6887877,4839779.0
135,35.535278,129.3330654,750506.0
136,35.5643173,129.2235059,1670143.0
137,37.5686577,126.9103495,15907045.0
138,37.4750181,126.9690285,15207470.0
139,37.4522416,126.8848985,15206220.0
140,35.2214275,128.5956788,4501650.0
141,36.0805879,129.5590291,4907635.0
142,35.1601611,129.1467459,2736579.0
143,35.4408892,129.3118067,1280942.0
144,35.5363311,129.3496819,665597.0
145,35.5408867,129.29268,1264659.0
146,35.5216019,129.3143875,929013.0
147,35.435854,129.297958,1040849.0
148,35.1401077,128.9839287,3786129.0
149,35.5318586,129.3252795,760865.0
150,35.4360786,129.2978614,1042543.0
151,35.258333,129.085996,2670749.0
152,35.4357119,129.2981771,1041696.0
153,35.4268975,129.3091499,1096321.0
154,35.1725018,129.1805486,2573025.0
155,35.5351,129.3340802,846115.0
156,35.182222,129.116082,2765821.0
157,37.5482051,127.0552403,15341425.0
158,35.4267465,129.3307966,984763.0
159,36.3365309,127.4126125,11068313.0
160,35.4357119,129.2981771,1041696.0
161,35.524352,129.317304,872471.0
162,35.19643,128.2144067,5770365.0
163,35.2525425,129.0117899,3334815.0
164,35.5477036,129.2577864,1315172.0
165,35.5239552,129.3269081,610579.0
166,35.5534193,129.3384413,1008942.0
167,35.2374354,129.0127014,3294112.0
168,35.543909,129.3224087,914676.0
169,35.530284,129.3316674,676159.0
170,35.644588,129.3528526,1920807.0
171,35.2397729,128.6526388,4612061.0
172,37.3492003,126.9796699,14557610.0
173,35.1786597,129.1731054,2327502.0
174,35.6243916,129.1400013,2530240.0
175,37.501379,127.1395945,14540244.0
176,35.5245737,129.3126376,871849.0
177,35.5561792,129.3470651,1018560.0
178,35.5486957,129.2564277,1345536.0
179,35.4302109,129.3089745,1117882.0
180,35.5548391,129.3276562,1126352.0
181,35.4367335,129.3136417,995661.0
182,35.5593612,129.3444993,1068852.0
183,37.6314566,126.6386037,17035362.0
184,35.2121068,128.703806,4707650.0
185,36.0086895,128.8610514,5154069.0
186,37.4908702,126.9700947,15623616.0
187,35.55923560000001,129.2749179,1484933.0
188,35.51257520000001,129.3129712,856672.0
189,35.5458119,129.3332784,1140668.0
190,35.5681203,129.2451735,1532519.0
191,35.5208521,129.3185538,856885.0
192,35.5239629,129.3247198,714797.0
193,35.5440441,129.3152193,1036576.0
194,35.5283314,129.3324345,653822.0
195,35.3179147,129.0310814,2664859.0
196,35.5477441,129.3330541,1110365.0
197,,,
198,35.519491,129.3120544,806638.0
199,35.5577705,129.3484944,1119823.0
200,35.5460438,129.3344682,979757.0
201,35.4018356,129.1719319,2231288.0
202,35.4945203,129.2381731,1454213.0
203,35.5483758,129.2546913,1393388.0
204,35.5344853,129.3104116,1011120.0
205,35.5527639,129.2630303,1290784.0
206,35.6174251,129.2654371,2188152.0
207,37.3594734,126.9678981,14558191.0
208,35.405605,129.2907397,1404763.0
209,35.5384736,129.2549076,1106536.0
210,35.5373557,129.3149848,985386.0
211,35.5523201,129.2967494,1349975.0
212,35.4879856,129.2819922,861692.0
213,35.5531362,129.2954629,1391127.0
214,35.5332962,129.2957558,1043484.0
215,35.5916778,129.36127,1233235.0
216,35.5430442,129.3366348,884019.0
217,35.3839526,129.3439102,1380132.0
218,35.3723607,128.8948907,5051958.0
219,35.8248568,128.5322302,5835707.0
220,37.29738150000001,127.4369881,13208598.0
221,35.3351357,129.1630626,2622670.0
222,35.5523201,129.2967494,1349975.0
223,35.6509309,129.367097,1703581.0
224,35.5458119,129.3332784,1078035.0
225,35.5526268,129.3549661,888759.0
226,35.3351357,129.1630626,2622670.0
227,35.32907,129.1801539,2307725.0
228,37.5678759,126.9811398,15749722.0
229,35.5702058,129.2364489,1586341.0
230,35.4360786,129.2978614,1038822.0
231,35.5257934,129.3292404,585350.0
232,35.5654014,129.3322372,1297013.0
233,35.1806882,129.1736099,2405486.0
234,35.4945203,129.2381731,1444409.0
235,35.5596727,129.229421,1654778.0
236,35.098063,128.989318,4113574.0
237,35.5591086,129.2747941,1505671.0
238,35.579595,129.3155246,1776012.0
239,35.5413151,129.2640032,1288388.0
240,35.5649303,129.3242187,1222771.0
241,35.1768067,129.1729381,2371574.0
242,35.5316842,129.3223309,869221.0
243,35.2485949,129.0890008,2749290.0
244,35.1737231,129.1381359,2642501.0
245,35.579654,129.3165169,1750556.0
246,35.5454037,129.2632249,1153310.0
247,35.542867,129.4230481,1474339.0
248,35.5511275,129.3832413,1156591.0
249,35.1930536,129.1095269,2844261.0
250,35.5304621,129.3221365,854598.0
251,35.5239629,129.3247198,712760.0
252,35.1853491,126.9238992,11709619.0
253,36.6673451,126.6994066,13762116.0
254,37.624846,126.9146841,16359601.0
255,37.5469239,126.9193627,15817946.0
256,35.483884,129.303975,834436.0
257,35.2327336,128.5790476,4185367.0
258,35.5226298,129.3253309,708818.0
259,36.0210694,128.9740081,4210110.0
260,37.2807962,127.0031042,14648123.0
261,36.4513341,128.3549795,7801858.0
262,35.5369737,129.3015126,1067984.0
263,37.269682,126.952897,14488091.0
264,35.2009643,128.8020521,3820066.0
265,37.5903499,127.0007642,15822646.0
266,37.547324,127.006684,15409515.0
267,37.5150053,127.1351556,14557520.0
268,37.4929045,126.9533907,15633966.0
269,35.9998481,129.1831639,4226903.0
270,35.3368852,129.1613769,2411454.0
271,37.516955,127.0417748,15340201.0
272,35.5825622,129.3681107,1168482.0
273,35.5732345,129.30747,1641741.0
274,35.5254905,129.3220811,743694.0
275,37.549809,127.030199,15398961.0
276,37.4902666,126.9945812,15221287.0
277,37.4965682,127.0588507,15269747.0
278,35.4166014,129.2772776,1079210.0
279,35.2166615,128.6914018,4720341.0
280,35.4413583,129.3073993,1205928.0
281,35.6441583,128.7394576,4910015.0
282,35.5532578,129.2537769,1388342.0
283,35.5367396,129.3485783,729781.0
284,35.2148403,128.7083073,4794079.0
285,35.4155315,129.2802654,1106660.0
286,37.4403543,126.6738253,15508453.0
287,37.5201493,127.0164216,14948581.0
288,35.5253843,129.3124455,888062.0
289,35.4945203,129.2381731,1445182.0
290,35.114505,129.0145815,3680071.0
291,35.5483758,129.2546913,1411596.0
292,37.4626176,126.9383251,15548552.0
293,37.3457876,127.1777619,14207396.0
294,35.5711444,129.3453131,1085326.0
295,35.433512,129.3144032,987549.0
296,35.5218696,129.334181,509924.0
297,35.5531261,129.3225803,1035985.0
298,35.6414494,129.3480476,1672863.0
299,36.987521,126.9200191,14061003.0
300,35.5695996,129.1256914,2172153.0
301,35.4945203,129.2381731,1445182.0
302,35.5394702,129.346106,734835.0
303,35.5541451,129.2520619,1322564.0
304,35.543515,129.2630861,1194530.0
305,35.5554137,129.3334991,993255.0
306,35.1582803,129.1285261,2754251.0
307,37.4469174,126.9030449,15271348.0
308,,,
309,35.5302189,129.3257731,752339.0
310,35.5256827,129.3272435,584020.0
311,35.1499184,129.036646,3678530.0
312,37.4915783,126.8615947,15588322.0
313,35.483884,129.303975,832126.0
314,37.2038057,127.0564942,13791792.0
315,36.2677529,127.2562562,11359098.0
316,35.3255373,129.1882318,2266177.0
317,35.543021,129.3133636,1083615.0
318,35.5554863,129.2868437,1511559.0
319,35.532934,129.3223309,932820.0
320,,,
321,36.0673389,129.3702758,4591698.0
322,35.5681248,129.3484941,1135434.0
323,35.5527639,129.2630303,1323827.0
324,35.5636848,129.329342,1214779.0
325,35.0961734,128.9641542,3984668.0
326,35.5602488,129.3301897,1155923.0
327,35.1541144,129.1463301,2951023.0
328,35.5390432,129.2597254,1206194.0
329,35.5381355,129.323538,903788.0
330,37.6155853,127.0179027,15613261.0
331,35.5189633,129.3115267,830088.0
332,37.499074,126.9326195,15838538.0
333,35.5643173,129.2235059,1708826.0
334,37.6242768,127.0771287,15076829.0
335,35.1849471,129.1103315,2898043.0
336,35.4408891,129.3092236,1230506.0
337,35.5601674,129.3173284,1269256.0
338,35.5598977,129.3124642,1367973.0
339,36.362649,127.358587,11148305.0
340,37.493987,127.155487,14657685.0
341,37.6794616,126.7637373,16867707.0
342,35.4410279,129.3063905,1149187.0
343,35.5348184,129.3337933,701343.0
344,35.5669579,129.3311902,1399239.0
345,35.5221574,129.3168039,933225.0
346,35.1176185,129.1086449,3044099.0
347,35.642717,129.4395367,1929943.0
348,35.4392759,129.3095981,1166806.0
349,35.5772606,129.2431703,1847851.0
350,35.5295914,129.3304817,624594.0
351,35.5322676,129.3328854,740020.0
352,35.4311205,129.3121971,1083264.0
353,35.5709004,129.2481423,1616020.0
354,35.3856426,129.1449905,2494963.0
355,35.5078939,129.3122424,757884.0
356,35.5521286,129.3338947,992099.0
357,37.4777043,126.9474179,15417018.0
358,35.5531263,129.331635,1062913.0
359,35.4360786,129.2978614,1038822.0
360,35.5239678,129.3265015,618085.0
361,35.4717801,129.1619872,2247638.0
362,37.6714354,126.7990674,16232049.0
363,35.54078080000001,129.331402,878002.0
364,37.8805133,127.7411017,15104999.0
365,35.5502938,129.2675333,1326035.0
366,34.76532,127.6579436,9819129.0
367,37.4972813,127.0499616,15244482.0
368,,,
369,37.5368557,126.8546496,15890456.0
370,35.1928862,129.0711971,3443927.0
371,35.4410279,129.3063905,1149187.0
372,35.5239629,129.3247198,713264.0
373,35.2333168,128.9026052,3348964.0
374,35.5594634,129.2989671,1404363.0
375,37.4643278,126.8738464,15427685.0
376,37.5536426,126.8320035,16271261.0
377,37.5293201,127.1405381,14707127.0
378,35.51257520000001,129.3129712,855743.0
379,35.1813058,128.0634926,6624838.0
380,37.5769232,127.0043003,15751873.0
381,35.3451732,129.0397236,3015934.0
382,35.2218428,128.6771736,4826548.0
383,35.3915644,128.4652539,5370401.0
384,37.5477297,126.874869,15823165.0
385,37.487303,126.7447392,15527855.0
386,37.4942032,126.9568518,15546864.0
387,37.6417175,126.8364257,16257304.0
388,37.47765450000001,126.8522621,15582926.0
389,37.3696448,127.1209334,14603878.0
390,35.5454329,129.338079,891662.0
391,35.4709528,128.7588323,3919981.0
392,37.5935072,127.0599602,15406400.0
393,37.3211968,126.8584993,14930083.0
394,34.9307832,128.112622,8228593.0
395,36.8002695,127.116283,12487018.0
396,35.1552694,128.6958686,4670352.0
397,37.2861389,126.8683362,14708585.0
398,37.5755269,127.051543,15074098.0
399,35.5363506,129.3164702,922189.0
400,35.5724424,129.3393235,1303006.0
401,35.4392245,129.3109277,1233518.0
402,35.6416997,129.3617407,1730953.0
403,35.5214665,129.1809316,1890393.0
404,35.5617606,129.333826,1257527.0
405,35.3911293,129.3460634,1261559.0
406,35.5493007,129.2554623,1371494.0
407,35.3451732,129.0397236,3014889.0
408,37.3187611,127.0699119,14456352.0
409,35.5541096,129.3333253,989690.0
410,37.5093688,126.8943577,16020897.0
411,35.8849106,128.8221457,4689278.0
412,37.5263715,126.8962283,15850146.0
413,35.3451732,129.0397236,3017890.0
414,35.3451732,129.0397236,3017890.0
415,35.4581368,129.2927524,858490.0
416,35.63036719999999,129.3362435,1611108.0
417,35.5834777,129.3681274,1190791.0
418,36.6140486,127.4868357,10609928.0
419,37.210774,127.0505558,14059041.0
420,35.2483495,129.0876196,2798921.0
421,35.4096011,129.3283899,1130667.0
422,35.3871481,129.3438807,1352684.0
423,35.43763819999999,129.3141564,984422.0
424,35.4323026,129.3109906,1083084.0
425,37.4455833,126.6968626,15630261.0
426,35.5656775,129.1176365,2304243.0
427,35.3451732,129.0397236,3017890.0
428,35.3451732,129.0397236,3017890.0
429,36.4458108,127.4102706,10870199.0
430,37.4973791,127.1175134,14946922.0
431,37.4732904,126.6505597,16163333.0
432,37.3539531,126.9320185,14812612.0
433,35.1130325,128.9629317,3622284.0
434,35.5617066,129.2245892,1687784.0
435,37.353186,126.932615,14759911.0
436,37.54976,127.0294094,15403938.0
437,35.62995069999999,129.3419374,1552653.0
438,35.5781844,129.3107899,1748083.0
439,35.1704436,129.0274241,3375415.0
440,37.3559164,126.9479933,14827931.0
441,35.5410046,129.3101837,1009851.0
442,35.1232838,129.093697,2984641.0
443,,,
444,35.1856649,129.0732527,3559501.0
445,35.5021701,129.3726284,819927.0
446,37.4795816,126.9597845,15269146.0
447,35.2342717,129.1506053,2984831.0
448,35.5529306,129.2679743,1341011.0
449,35.564432,129.3490003,1184189.0
450,35.9891063,129.4475992,3739539.0
451,35.5731581,129.3442446,1166197.0
452,35.176529,129.1774377,2405819.0
453,35.5329613,129.2943057,1034547.0
454,35.5101053,129.4232943,1094707.0
455,35.49413,129.2381367,1446146.0
456,35.4357119,129.2981771,1038002.0
457,35.175835,129.181048,2458763.0
458,35.5323521,129.3929354,1222425.0
459,35.0748168,129.0674507,3572174.0
460,35.1674741,129.15569,2798975.0
461,35.9917422,129.4049488,3959923.0
462,37.3819462,126.9562825,14809269.0
463,37.4623549,126.8903334,15626378.0
464,35.5548503,129.3061724,1359899.0
465,35.5382098,129.2957777,1156794.0
466,35.4360786,129.2978614,1038849.0
467,35.553207,129.2970898,1438564.0
468,35.1737231,129.1381359,2635615.0
469,35.5396675,129.253293,1168223.0
470,35.5468494,129.3416342,943616.0
471,35.5258936,129.312273,853180.0
472,35.53598789999999,129.2514207,1095595.0
473,35.5523954,129.2724313,1551577.0
474,35.5513123,129.3566882,989351.0
475,36.3499146,128.6137099,6908189.0
476,35.543515,129.2630861,1189446.0
477,35.5681248,129.3484941,1182494.0
478,35.5349435,129.3334039,749536.0
479,36.1065885,129.3456178,4343256.0
480,35.6416997,129.3617407,1749878.0
481,37.6849874,126.5937719,17093525.0
482,35.5617066,129.2245892,1689788.0
483,35.43139439999999,129.3058715,1098724.0
484,35.5876228,129.3639921,1306062.0
485,35.8040949,129.4987892,3547504.0
486,35.5341284,129.3232474,851934.0
487,35.5239629,129.3247198,703574.0
488,35.226512,128.575937,4262656.0
489,35.8461063,128.6406916,5543994.0
490,35.5364497,129.3114481,930189.0
491,35.5544272,129.2625564,1389571.0
492,37.4227694,126.6843078,15634408.0
493,35.5080249,129.3127108,758383.0
494,37.4924865,126.877037,15568874.0
495,37.4997444,126.9029138,15807374.0
496,35.4501229,129.2963137,958752.0
497,35.318278,129.17702,2289979.0
498,35.5512749,129.2630158,1316566.0
499,35.5472942,129.2819475,1460353.0
500,37.4910033,126.994861,15184905.0
501,35.534351,129.3461619,653633.0
502,35.4371487,129.3138324,989971.0
503,35.5416292,129.3036568,1076149.0
504,35.5072399,129.3121314,739792.0
505,35.5309622,129.3279693,718074.0
506,35.232685,128.671786,4665659.0
507,35.3386763,129.1638511,2454323.0
508,35.5206388,129.3352046,516287.0
509,35.5709004,129.2481423,1585469.0
510,35.5514584,129.2587252,1411457.0
511,37.53079160000001,127.1152072,14846644.0
512,35.593733,129.36402,1287053.0
513,37.4879654,126.9590124,15461602.0
514,35.4360786,129.2978614,1038849.0
515,35.4501229,129.2963137,958752.0
516,35.4360786,129.2978614,1038849.0
517,35.209217,129.021035,3358419.0
518,35.4377611,129.3071572,1123091.0
519,35.5899558,129.3591591,1169952.0
520,35.5522083,129.2595306,1396012.0
521,35.548422,129.2514165,1500648.0
522,37.5087501,127.021665,14999820.0
523,37.5911657,126.6996627,16291311.0
524,35.1446256,129.0786042,3416210.0
525,35.5280178,129.3123041,876789.0
526,35.5648748,129.3276072,1203443.0
527,35.2449635,129.2196746,2362168.0
528,37.289092,127.0607356,14127862.0
529,35.1341414,128.9759021,3563445.0
530,,,
531,35.5593612,129.3444993,1029098.0
532,,,
533,37.82850699999999,127.05361,16122838.0
534,35.5504877,129.2595239,1460193.0
535,35.1240337,129.0959745,2854430.0
536,35.553207,129.2970898,1442651.0
537,37.4859044,126.9022847,15764379.0
538,35.4899657,129.2135648,1427788.0
539,35.5021701,129.3726284,819927.0
540,35.6379042,129.3246302,1951804.0
541,35.2364292,128.6674559,4663091.0
542,35.4077815,129.28631,1424484.0
543,35.5386787,129.3176441,947151.0
544,35.5280178,129.3123041,876789.0
545,35.8227636,129.288517,3034396.0
546,35.557903,129.3083315,1320336.0
547,37.5045847,126.933706,15777411.0
548,35.6416997,129.3617407,1749362.0
549,36.9853268,126.9179082,14197390.0
550,35.5526268,129.3549661,875103.0
551,37.5953723,126.9238974,15922425.0
552,37.3189996,127.0852565,14293042.0
553,35.3386763,129.1638511,2453319.0
554,35.5078939,129.3122424,754784.0
555,35.2503117,129.2106442,2456754.0
556,35.544434,129.387158,1222669.0
557,35.526996,129.3291368,630446.0
558,37.5521567,126.8226515,16119382.0
559,35.4378339,129.3053907,1179977.0
560,35.2048852,129.0662528,3490296.0
561,37.4905969,126.8246811,15659445.0
562,35.5527639,129.2630303,1320391.0
563,35.55923560000001,129.2749179,1506531.0
564,35.5327391,129.2974998,991811.0
565,35.5494031,129.2565588,1347168.0
566,35.5275861,129.3223003,720814.0
567,35.5390432,129.2597254,1201133.0
568,35.3654443,129.3192262,2057078.0
569,35.506217,129.4287106,1133543.0
570,35.4360786,129.2978614,1038849.0
571,35.529547,129.328573,657770.0
572,35.5335173,129.3206921,886082.0
573,35.5335173,129.3206921,886082.0
574,35.507243,129.311782,698981.0
575,35.8845848,129.2219691,4072900.0
576,35.55923560000001,129.2749179,1473702.0
577,35.5390432,129.2597254,1203675.0
578,35.5209287,129.3324588,577253.0
579,35.4945203,129.2381731,1457303.0
580,35.551513,129.2636074,1257859.0
581,35.5593006,129.2299381,1621825.0
582,35.4945203,129.2381731,1457303.0
583,35.5536261,129.3270798,1095512.0
584,35.55680960000001,129.1896769,1804463.0
585,35.5600416,129.3025264,1512290.0
586,35.572349,129.245282,1616246.0
587,35.5077778,129.3108333,712733.0
588,35.590067,129.3672417,1284061.0
589,35.5437271,129.3101815,1019705.0
590,35.5600195,129.3043999,1419908.0
591,35.51257520000001,129.3129712,822463.0
592,35.5353781,129.3170813,904841.0
593,35.4410279,129.3063905,1143973.0
594,35.5594634,129.2989671,1428116.0
595,35.414457,129.2811237,1131672.0
596,35.5711779,129.2384487,1660456.0
597,35.5280178,129.3123041,888726.0
598,35.5605373,129.3752422,1013019.0
599,35.5538843,129.3012322,1380536.0
600,36.5598553,128.7021099,7756866.0
601,35.4945203,129.2381731,1457303.0
602,37.4857428,126.9118512,15611014.0
603,35.5458119,129.3332784,1107561.0
604,36.3321614,127.3848368,11381461.0
605,,,
606,35.387174,129.3461105,1475559.0
607,35.4318068,129.307224,1103244.0
608,35.4101279,129.289515,1314171.0
609,35.4262611,129.3102353,1103955.0
610,35.2381057,129.2094608,2645288.0
611,35.3144978,129.1834239,2221132.0
612,35.1800343,129.1978654,2321952.0
613,35.4047737,129.2880184,1406731.0
614,35.2719115,129.223529,1854555.0
615,37.2189923,126.9529374,14251895.0
616,35.4373867,129.3088494,1179262.0
617,35.4279532,129.3108771,1143865.0
618,35.4945203,129.2381731,1457303.0
619,35.4088525,129.294232,1378072.0
620,35.4095932,129.2889395,1335285.0
621,35.5639637,129.1315942,2153150.0
622,35.564432,129.3490003,1222733.0
623,35.4410279,129.3063905,1143973.0
624,35.3254826,129.174935,2305034.0
625,35.5649303,129.3242187,1245305.0
626,35.5375167,129.3170534,961305.0
627,,,
628,37.497017,127.0575193,15275189.0
629,,,
630,35.5600507,129.231241,1633078.0
631,35.5807144,129.3768338,1355345.0
632,35.5387181,129.3013158,1065141.0
633,35.2069426,129.205212,2111612.0
634,35.1818443,129.1986835,2333118.0
635,35.5078939,129.3122424,729532.0
636,35.5390228,129.2967026,1211137.0
637,35.4644077,129.2034124,1638008.0
638,35.5583872,129.3068199,1371651.0
639,35.097062,129.0096241,3698076.0
640,35.4105256,129.2848561,1323677.0
641,35.2371213,129.2188178,2377145.0
642,35.4132808,129.2842267,1159953.0
643,35.4362785,129.3078627,1155626.0
644,35.3325689,129.164187,2618733.0
645,34.9514983,127.5309867,8963890.0
646,35.8524507,128.6231908,5696129.0
647,35.4392245,129.3109277,1232904.0
648,35.5399099,129.3283221,838778.0
649,35.6447329,129.354245,1692563.0
650,35.5275861,129.3223003,732011.0
651,35.5221574,129.3168039,882879.0
652,35.4101279,129.289515,1326567.0
653,35.532934,129.3223309,929091.0
654,35.5625399,129.2285332,1565959.0
655,35.5671525,129.3391061,1327525.0
656,35.52799,129.3148872,840659.0
657,35.5474018,129.3573473,935609.0
658,37.49563,127.128207,14699989.0
659,35.4349971,129.3099506,1080004.0
660,,,
661,35.5483758,129.2546913,1376905.0
662,35.5299821,129.301866,988182.0
663,37.5226585,126.8587741,15602727.0
664,35.239467,129.2168929,2450627.0
665,35.3267759,129.1775862,2210551.0
666,35.3183571,128.9932062,3591367.0
667,,,
668,35.5391272,129.2961665,1219816.0
669,35.5654767,129.3492942,1126814.0
670,35.5377883,129.3248676,873275.0
671,35.5377883,129.3248676,873275.0
672,35.21452,128.9526288,3110027.0
673,35.8531974,129.1045366,3357205.0
674,35.2486879,129.2153488,2394398.0
675,35.2429826,128.9141223,3452228.0
676,35.1763964,129.0927215,3085638.0
677,35.387174,129.3461105,1471794.0
678,35.5527639,129.2630303,1287562.0
679,35.2226025,129.0104346,3112922.0
680,35.529547,129.328573,657770.0
681,35.5025317,129.4205456,1122212.0
682,35.2389142,129.1723178,2725403.0
683,37.5051603,126.8818551,15700923.0
684,35.5157235,129.3360104,514503.0
685,36.0691558,127.0071079,13363438.0
686,35.4151889,129.2812895,1107784.0
687,37.4876572,127.0684907,15045220.0
688,35.5338783,129.3173868,847293.0
689,35.5505255,129.2700085,1334809.0
690,35.5390432,129.2597254,1206180.0
691,35.6317281,129.3369378,1666125.0
692,35.24123820000001,129.2168073,2409894.0
693,35.3006844,129.2592349,2087288.0
694,35.2486879,129.2153488,2393163.0
695,35.2379398,129.2145981,2482473.0
696,35.1181752,129.0404504,3698078.0
697,35.2060722,128.6966762,4483292.0
698,35.1181752,129.0404504,3698078.0
699,35.252645,129.2161624,2367543.0
700,36.067068,129.3797552,4670106.0
701,37.51868390000001,126.8446798,15799442.0
702,35.5269602,129.3255937,679905.0
703,35.1854283,129.2124262,2295094.0
704,35.1699364,129.1970301,2680791.0
705,35.1748219,129.1745597,2359150.0
706,35.1824715,129.2013288,2468684.0
707,35.23237870000001,129.1568724,2885900.0
708,35.1895699,129.1274474,2968496.0
709,35.182779,129.197269,2437355.0
710,35.2348149,129.159436,2814347.0
711,35.5676317,129.1121735,2382958.0
712,35.5487367,129.2697798,1323271.0
713,35.2854246,129.2153563,2208986.0
714,35.5380949,129.2967824,1205539.0
715,35.5409175,129.4223586,1408778.0
716,35.2148403,128.7083073,4819745.0
717,35.5702471,129.2463416,1627819.0
718,35.6478459,129.3404685,1765023.0
719,35.5531945,129.2571813,1334947.0
720,35.4839099,129.3451792,251060.0
721,35.1702226,127.7135827,9065892.0
722,35.1086178,129.0235,3652398.0
723,35.5748087,129.3417051,1324732.0
724,35.5051465,129.4275881,1097982.0
725,35.5582362,129.300971,1457674.0
726,35.5216019,129.3143875,890393.0
727,35.9588639,126.7033173,13312056.0
728,35.4344248,129.3128498,1026975.0
729,35.5574576,129.3435082,1025714.0
730,35.41225319999999,129.2851988,1190152.0
731,35.5386618,129.3028521,1010099.0
732,35.2074279,129.0809982,3240147.0
733,35.5077778,129.3108333,712733.0
734,37.2046084,127.0720539,13872735.0
735,35.5604567,129.2268668,1722768.0
736,35.5146861,129.3180818,940836.0
737,35.0808761,128.9013873,4232404.0
738,35.4360786,129.2978614,1034195.0
739,35.5304621,129.3221365,852584.0
740,35.5580987,129.2685176,1507394.0
741,35.4945203,129.2381731,1457210.0
742,35.5359163,129.3194448,858807.0
743,35.5489034,129.2725017,1366729.0
744,36.0058628,129.3403515,3822859.0
745,35.483884,129.303975,823063.0
746,35.5019395,129.4182117,1113757.0
747,35.5406967,129.3348555,896365.0
748,35.5252685,129.3275592,596013.0
749,35.2179967,128.1466968,6665441.0
750,35.4410279,129.3063905,1143973.0
751,35.335747,129.166768,2501072.0
752,35.5356201,129.3070018,1016899.0
753,35.2284698,128.8995004,3301773.0
754,37.649262,126.62771,16900702.0
755,37.6046205,127.0651246,15327679.0
756,35.5533526,129.266441,1284998.0
757,35.3204011,129.1857385,2224466.0
758,35.5873709,129.3642634,1293357.0
759,35.5131883,129.4236553,1137953.0
760,35.543515,129.2630861,1168558.0
761,35.6241253,129.4383456,1967674.0
762,35.5669579,129.3311902,1380286.0
763,35.5630658,129.120016,2212462.0
764,37.378061,127.135682,14492178.0
765,37.4759337,126.8942445,15501803.0
766,37.6011351,127.1346528,14741336.0
767,37.4960602,126.8910437,15655563.0
768,35.4018697,129.1700201,2208640.0
769,35.5409322,129.3043576,1105742.0
770,35.5388216,129.2899448,1268801.0
771,35.81344170000001,128.544535,6175194.0
772,37.5385378,126.955778,15720117.0
773,35.4360786,129.2978614,1033704.0
774,35.5471447,129.3208451,974075.0
775,35.4448982,129.0914404,2800037.0
776,35.5602091,129.3507441,1052487.0
777,35.4357056,129.2978466,1027987.0
778,35.4360786,129.2978614,1033704.0
779,34.8584976,128.4421815,7255059.0
780,37.5630369,127.0690996,15265319.0
781,35.5136605,129.4247385,1166879.0
782,35.5707744,129.2368008,1541725.0
783,35.5401143,129.3039783,1039173.0
784,35.12089539999999,129.1076679,2996802.0
785,35.532934,129.3223309,918856.0
786,35.2608699,128.6193764,4282690.0
787,35.5318586,129.3252795,767020.0
788,35.122337,129.0868734,3108341.0
789,35.544104,129.3419654,856273.0
790,37.6406859,127.0681273,15297890.0
791,35.1683277,129.1838467,2612543.0
792,35.510262,129.4215775,1027230.0
793,36.0488458,129.3695616,4539495.0
794,35.5229636,129.33379,627994.0
795,35.5594634,129.2989671,1433313.0
796,35.1779971,129.1777419,2375212.0
797,33.791638,-84.389488,
798,37.6214317,126.9169982,16221111.0
799,35.8530975,128.5008896,5899538.0
800,35.4857908,129.4126104,1296492.0
801,35.8175136,128.7321036,5538885.0
802,35.5704837,129.2446148,1624250.0
803,35.238467,129.2227095,2407043.0
804,35.186651,129.1032937,3078868.0
805,35.5527639,129.2630303,1281516.0
806,35.405605,129.2907397,1416388.0
807,35.0745849,127.0274811,11783289.0
808,37.4686716,126.940998,15143039.0
809,36.3091155,127.3748645,11291167.0
810,37.4869643,126.9198629,15703043.0
811,35.4371487,129.3138324,984757.0
812,37.589059,126.949944,15773015.0
813,37.3939818,126.9405308,14885648.0
814,37.5373849,127.0976705,14812903.0
815,37.3345376,127.1046026,14571779.0
816,35.4360786,129.2978614,1033704.0
817,37.5854289,127.059702,15336259.0
818,37.4256989,127.0984716,14223095.0
819,37.6618591,127.1249247,15171959.0
820,37.5932823,127.0181593,15506949.0
821,35.9399939,128.1989457,7476859.0
822,37.3629519,126.8808442,15161130.0
823,37.4941843,127.0754343,15160093.0
824,34.804858,126.4106516,13586013.0
825,35.4344248,129.3128498,1026161.0
826,33.791638,-84.389488,
827,33.791638,-84.389488,
828,35.4839099,129.3451792,251060.0
829,33.791638,-84.389488,
830,35.5521987,129.3441318,1068625.0
831,33.791638,-84.389488,
832,37.6696693,126.772983,16499296.0
833,35.5751511,129.3169968,1677219.0
834,35.5294345,129.3238586,774367.0
835,35.5544272,129.2625564,1350625.0
836,35.8589917,128.5829342,6169129.0
837,35.8436646,129.1844894,3603743.0
838,35.5226298,129.3253309,719662.0
839,35.2599143,128.6374044,4259704.0
840,33.791638,-84.389488,
841,35.4360786,129.2978614,1033704.0
842,35.5592698,129.321873,1138533.0
843,35.1613372,129.1821065,2673870.0
844,37.5950822,127.0639595,15253085.0
845,35.4360786,129.2978614,1033704.0
846,37.5386727,126.7294668,15692990.0
847,35.5350601,129.3388265,706556.0
848,35.4360786,129.2978614,1033704.0
849,35.551419,129.1801189,1755455.0
850,35.1374548,129.0540488,4072076.0
851,,,
852,35.4834972,129.4169345,1280730.0
853,35.4360786,129.2978614,1033704.0
854,35.2000528,129.1092489,3071831.0
855,35.5274963,129.3259388,658766.0
856,35.5166307,129.3370244,503849.0
857,,,
858,35.5637153,129.3323019,1244191.0
859,35.5476604,129.322392,928967.0
860,35.51474160000001,129.3158875,974232.0
861,35.5239629,129.3247198,713914.0
862,,,
863,35.2148403,128.7083073,4824546.0
864,35.5431271,129.3333851,926894.0
865,35.5669718,129.1131559,2355596.0
866,35.40964,129.159127,2158563.0
867,36.0247931,129.3677847,4247823.0
868,35.5498628,129.2760064,1357584.0
869,35.8581707,128.4994578,5952623.0
870,35.6427341,129.3586738,1725414.0
871,35.258084,128.633927,4180270.0
872,35.5569829,129.3029147,1394749.0
873,35.5683248,129.3332519,1339646.0
874,35.9996568,129.3462319,3745254.0
875,35.5526268,129.3549661,924554.0
876,35.15948240000001,129.122735,2838033.0
877,35.5481809,129.2533924,1470562.0
878,37.519104,126.7347938,15667250.0
879,35.5401594,129.3234962,886091.0
880,34.7480804,127.6713398,10393050.0
881,35.5489034,129.2725017,1346382.0
882,35.4045597,129.2896431,1431500.0
883,35.5493007,129.2554623,1345403.0
884,35.4884429,129.2806903,878873.0
885,35.4945203,129.2381731,1455431.0
886,35.4360786,129.2978614,1033704.0
887,35.5476698,129.3326761,1134293.0
888,35.5538584,129.2913188,1473669.0
889,37.5689025,126.9027333,15889610.0
890,35.4945203,129.2381731,1455417.0
891,,,
892,35.5456722,129.3084288,1096630.0
893,35.2182557,128.1463438,6594572.0
894,35.4360786,129.2978614,1033704.0
895,35.4355471,129.3128649,1027367.0
896,35.4266462,129.3103857,1140075.0
897,35.3299094,129.1658454,2488958.0
898,35.54078519999999,129.2995175,1115073.0
899,35.4070213,129.2827995,1359312.0
900,35.5056155,129.3169505,628343.0
901,35.3869871,129.3462807,1457668.0
902,35.5351791,129.3237887,838332.0
903,35.1098941,128.9638761,3771732.0
904,35.8872726,128.631714,5433773.0
905,35.5605373,129.3752422,1030130.0
906,35.4132808,129.2842267,1160069.0
907,35.571011,129.3486203,1160964.0
908,35.5083006,129.0888882,2325841.0
909,35.5425461,129.4311815,1574594.0
910,35.5441873,129.3218531,936363.0
911,35.4137792,129.2794274,1173364.0
912,35.9975475,129.4064485,3984903.0
913,35.8423953,128.5497319,6100172.0
914,35.5454684,129.3508494,873852.0
915,35.5594634,129.2989671,1434869.0
916,35.2086067,129.0750575,3247340.0
917,35.2286889,128.8789995,3423140.0
918,35.6539241,129.2007273,2347858.0
919,35.5246462,129.3137642,851469.0
920,35.5589032,129.324941,1073474.0
921,35.173756,129.069819,3410958.0
922,35.3351357,129.1630626,2620398.0
923,35.529547,129.328573,656173.0
924,,,
925,35.5726912,129.3370276,1481584.0
926,35.5322953,129.3271637,769016.0
927,35.241485,129.2164583,2409725.0
928,35.2705288,129.0922981,2437070.0
929,35.1622809,129.1893536,2622837.0
930,,,
931,35.1775019,129.071178,3600698.0
932,35.2615478,129.2320413,2271949.0
933,35.4278876,129.3089424,1109198.0
934,35.6461789,129.4200958,2166712.0
935,35.5734818,129.3643621,1180671.0
936,35.4360786,129.2978614,1033724.0
937,35.4945203,129.2381731,1444108.0
938,35.2138553,129.0320613,3202400.0
939,35.212269,129.0633104,3486366.0
940,35.5318586,129.3252795,767020.0
941,35.5745733,129.3071026,1747330.0
942,35.5309546,129.3279087,705018.0
943,35.1699577,128.8267146,3771720.0
944,35.5451902,129.3154458,1123331.0
945,35.4829973,129.4154069,1268960.0
946,35.437771,129.3001843,1233971.0
947,35.5133643,129.3352914,487405.0
948,35.5219049,129.3131463,886125.0
949,34.8372081,128.4116201,8010381.0
950,35.5436726,129.3474301,876084.0
951,35.5230131,129.3184629,930696.0
952,35.0927558,129.0212674,3634432.0
953,35.2085061,128.800994,3865289.0
954,35.4097387,129.2822106,1251452.0
955,35.3123832,129.2427392,1865080.0
956,35.5479316,129.3848663,1203499.0
957,35.332591,129.014754,2874590.0
958,35.5514583,129.253809,1422526.0
959,35.553207,129.2970898,1430575.0
960,35.483884,129.303975,823063.0
961,35.1954605,129.1974802,2161751.0
962,35.176529,129.1774377,2381848.0
963,35.5338788,129.3431344,694564.0
964,35.5063279,129.4205169,1106700.0
965,37.5276577,126.8675793,15633077.0
966,35.4360786,129.2978614,1033724.0
967,35.5511372,129.2700336,1324308.0
968,35.5476112,129.3436427,903554.0
969,35.543574,129.3531772,803184.0
970,35.5622054,129.2279176,1609381.0
971,34.9116994,128.6446412,6124982.0
972,37.4820585,126.8507672,15597917.0
973,33.791638,-84.389488,
974,35.9076819,128.6194697,5383271.0
975,35.4413583,129.3073993,1200830.0
976,35.2927005,128.677259,4099879.0
977,35.55648559999999,129.2581418,1449506.0
978,35.1530186,126.8639057,12202338.0
979,35.4360786,129.2978614,1033724.0
980,35.4413583,129.3073993,1200830.0
981,35.5509948,129.2510749,1320786.0
982,37.500726,127.0928734,15100948.0
983,35.2637706,129.0869651,2547974.0
984,35.5394847,129.1061565,2524627.0
985,35.5511275,129.3832413,1192927.0
986,35.5444186,129.3413883,915638.0
987,35.4065851,129.1742927,2127936.0
988,,,
989,35.5628779,129.2255166,1639898.0
990,35.4360786,129.2978614,1033724.0
991,37.59095,127.0633494,15171225.0
992,35.5688034,129.2658645,1613725.0
993,35.5435739,129.3314857,983997.0
994,35.5368575,129.3206588,825869.0
995,35.4360786,129.2978614,1033724.0
996,35.875202,128.5808702,5843451.0
997,35.1657526,129.1829652,2650648.0
998,35.5683582,129.2471359,1521371.0
999,35.5448235,129.4245154,1538388.0
1000,35.5527639,129.2630303,1278590.0
1001,37.5590152,126.9004766,15615589.0
1002,35.2376168,128.9179074,3358502.0
1003,37.5028609,126.945642,15440270.0
1004,35.32411099999999,129.1694234,2478895.0
1005,35.5216019,129.3143875,912293.0
1006,,,
1007,35.5709004,129.2481423,1577887.0
1008,37.4980181,127.1268458,14679240.0
1009,35.5942635,129.3715341,1423362.0
1010,35.51944290000001,129.3120302,769407.0
1011,37.6007352,127.1074484,14989214.0
1012,37.64987929999999,127.1458833,14860286.0
1013,37.3942479,126.9527003,14988015.0
1014,37.706019,127.0500974,15312530.0
1015,35.1741664,129.1034478,2987195.0
1016,35.9532556,129.5434149,4127434.0
1017,37.6285283,126.8704518,16281956.0
1018,35.5604843,129.3047604,1461404.0
1019,34.717641,127.7580547,10491350.0
1020,35.5763649,129.2469933,1640501.0
1021,35.5558213,129.2197407,1822506.0
1022,35.5604567,129.2268668,1707968.0
1023,37.5223694,126.745188,15669952.0
1024,37.454799,127.149796,14487272.0
1025,35.5319812,129.3168113,912634.0
1026,35.4413583,129.3073993,1200935.0
1027,35.4066484,129.2928051,1420933.0
1028,35.5316842,129.3223309,882395.0
1029,33.791638,-84.389488,
1030,35.5455715,129.4277546,1548898.0
1031,35.8604966,128.567753,6278196.0
1032,35.3368852,129.1613769,2393256.0
1033,35.8716172,128.1767574,7265754.0
1034,35.648282,129.340131,1775047.0
1035,37.52675929999999,126.8336514,15576745.0
1036,37.4761006,126.9330604,15244548.0
1037,35.1800792,128.066444,6735129.0
1038,35.5538478,129.2989713,1402515.0
1039,35.5652318,129.1130995,2384310.0
1040,35.159558,129.1314702,2713245.0
1041,35.256412,129.215893,2434589.0
1042,35.4209199,129.0643593,2806109.0
1043,35.2277051,129.0829331,3123884.0
1044,35.5498197,129.25517,1367844.0
1045,35.2693803,129.2356797,2232330.0
1046,35.1769368,129.0460028,3879484.0
1047,35.2138553,129.0320613,3199001.0
1048,35.3299094,129.1658454,2474203.0
1049,35.5600416,129.3025264,1527803.0
1050,35.0893137,128.9955959,3789479.0
1051,35.5216019,129.3143875,914457.0
1052,35.6313925,129.3342668,1726081.0
1053,35.3882054,129.3416978,1354639.0
1054,35.1607199,129.0527727,3565098.0
1055,35.2436217,129.2139005,2407888.0
1056,37.5020489,127.0569882,15086307.0
1057,35.1795264,129.055449,3756520.0
1058,35.2011436,129.0643953,3546206.0
1059,35.5509948,129.2510749,1345837.0
1060,35.4688631,129.1646336,2136437.0
1061,35.4945203,129.2381731,1444719.0
1062,35.5548324,129.2898322,1525146.0
1063,35.4018697,129.1700201,2158433.0
1064,35.1538009,128.6954215,4715472.0
1065,35.5157235,129.3360104,514503.0
1066,37.2979748,126.9951295,14585584.0
1067,35.5430442,129.3366348,904222.0
1068,35.5547336,129.3289725,1178862.0
1069,35.32411099999999,129.1694234,2474582.0
1070,35.4945203,129.2381731,1444341.0
1071,35.335747,129.166768,2475314.0
1072,35.858186,128.5264521,5685362.0
1073,35.858186,128.5264521,5685362.0
1074,35.562153,129.2268294,1651351.0
1075,35.5509948,129.2510749,1345888.0
1076,35.2514249,128.9054943,3675308.0
1077,35.6416997,129.3617407,1735220.0
1078,35.533545,129.326858,794331.0
1079,37.5090959,126.8954792,15846564.0
1080,35.2010237,129.0736864,3261582.0
1081,35.51257520000001,129.3129712,840818.0
1082,37.5217307,127.0475873,15209265.0
1083,35.3654443,129.3192262,2019649.0
1084,35.3620081,129.0498452,3033506.0
1085,35.5529219,129.3462063,989786.0
1086,35.5527639,129.2630303,1305992.0
1087,35.562153,129.2268294,1651210.0
1088,35.2139664,129.0793246,3239202.0
1089,37.3766965,126.9540328,14568284.0
1090,35.8368836,128.5588663,6204888.0
1091,35.4360786,129.2978614,1033608.0
1092,35.5625471,129.3262589,1165223.0
1093,35.306139,129.248656,1933775.0
1094,35.1740625,129.1324883,2759403.0
1095,35.1622198,129.1893336,2625820.0
1096,35.5612033,129.3222351,1176224.0
1097,35.5600416,129.3025264,1524735.0
1098,35.1800007,129.1702994,2322785.0
1099,35.8130604,128.5478543,6072114.0
1100,35.5208524,129.3345245,556451.0
1101,35.5506432,129.274316,1391056.0
1102,35.5542637,129.2632247,1356024.0
1103,35.5168823,129.4255994,1173723.0
1104,35.9474125,128.5664052,5850458.0
1105,35.4868255,129.4155301,1121593.0
1106,35.538871,129.323571,898930.0
1107,35.5514584,129.2587252,1398133.0
1108,35.5078939,129.3122424,731671.0
1109,35.4360786,129.2978614,1033608.0
1110,35.8500041,128.5310339,5821296.0
1111,35.562153,129.2268294,1650848.0
1112,35.5254905,129.3220811,750265.0
1113,35.2199079,129.1101342,2777956.0
1114,35.1278658,128.9744433,3630018.0
1115,35.5673483,129.2508801,1544367.0
1116,35.5220564,129.3167759,898480.0
1117,35.4413456,127.6084619,9169411.0
1118,,,
1119,35.5521987,129.3441318,1096524.0
1120,35.5420445,129.3481892,825634.0
1121,35.2470214,129.2150433,2351264.0
1122,35.5596129,129.3395127,1107793.0
1123,35.2442629,129.2114358,2421627.0
1124,35.1755065,129.033701,3507080.0
1125,35.5534034,129.3011934,1365344.0
1126,35.5705859,129.3423738,1228907.0
1127,37.5483265,126.980738,15431281.0
1128,35.5069239,129.4217048,1059007.0
1129,35.2368418,129.2124636,2534719.0
1130,35.2412604,129.2078391,2563714.0
1131,35.2501419,129.2168854,2253011.0
1132,35.2633098,129.0189442,3107056.0
1133,35.2407979,129.2200736,2416408.0
1134,37.587703,127.220834,14730427.0
1135,35.5537086,129.2950147,1416266.0
1136,35.2486879,129.2153488,2368545.0
1137,35.4839339,128.7519622,4333613.0
1138,35.5221574,129.3168039,899789.0
1139,35.6416997,129.3617407,1738072.0
1140,35.4343338,129.3115224,1047827.0
1141,35.8211369,128.6359706,5756133.0
1142,37.5191399,126.7480544,15552969.0
1143,35.1522247,129.08778,3011556.0
1144,35.2309484,129.161363,2979491.0
1145,35.536446,129.290532,1134869.0
1146,35.5353781,129.3170813,941091.0
1147,35.1493788,129.109531,3077451.0
1148,35.42640360000001,129.3097332,1097317.0
1149,37.1862889,128.2481482,11020184.0
1150,35.5278527,129.3148705,883669.0
1151,35.5754262,129.3178386,1670927.0
1152,35.5594634,129.2989671,1446419.0
1153,36.9813625,126.9234724,13868721.0
1154,35.5323521,129.3929354,1288770.0
1155,35.5408867,129.29268,1360578.0
1156,,,
1157,37.4230998,126.6666417,15463520.0
1158,36.0695382,129.3917811,4871846.0
1159,,,
1160,35.5248518,129.329636,621555.0
1161,37.5170742,126.8583351,15610447.0
1162,35.574602,129.3086089,1684517.0
1163,35.8615964,128.6100054,5578711.0
1164,35.5401835,129.3400512,895346.0
1165,37.3247222,127.1144444,14438113.0
1166,35.5159915,129.3160541,935997.0
1167,35.5274963,129.3259388,657912.0
1168,35.1797128,128.0719532,6876383.0
1169,35.5865184,129.3672027,1311250.0
1170,35.226512,128.575937,4285287.0
1171,35.3386763,129.1638511,2415018.0
1172,35.3351357,129.1630626,2632135.0
1173,37.5023763,126.9948308,14951806.0
1174,35.5570093,129.3447878,1106520.0
1175,33.791638,-84.389488,
1176,35.5590696,129.3091091,1434552.0
1177,33.791638,-84.389488,
1178,35.4090326,129.2884274,1325205.0
1179,35.5250258,129.3119292,830298.0
1180,33.791638,-84.389488,
1181,35.5800117,129.3174966,1788148.0
1182,35.5753054,129.3186629,1688978.0
1183,35.5250258,129.3119292,830298.0
1184,35.4313115,129.3054325,1089717.0
1185,35.203608,129.0989996,2870515.0
1186,35.5554731,129.2585431,1394288.0
1187,35.4395287,129.3062265,1127599.0
1188,35.3560431,129.3527984,1760760.0
1189,35.1838254,129.1101746,2888683.0
1190,35.1883776,129.1176388,2820203.0
1191,35.1963662,129.0529666,3835729.0
1192,35.1028127,129.0235152,3803985.0
1193,35.490445,129.2124,1407030.0
1194,37.4987049,126.7033316,15854462.0
1195,37.5530677,127.1269824,14527809.0
1196,37.3697653,126.9355245,14931378.0
1197,35.5575093,129.3088175,1324544.0
1198,37.5066777,126.8491119,15653194.0
1199,36.3117683,129.0993768,7203088.0
1200,35.5159822,129.4246646,1134076.0
1201,36.9970782,127.1420995,12654429.0
1202,35.5566537,129.3344402,1192874.0
1203,35.2395638,129.2172239,2399498.0
1204,35.3597746,128.9779875,3910601.0
1205,35.2395327,129.211249,2520751.0
1206,35.5248795,129.3284416,619598.0
1207,35.8512445,128.6390805,5573594.0
1208,35.5558185,129.2778964,1473057.0
1209,35.5359332,129.2966387,1089974.0
1210,35.234893,128.576654,4296849.0
1211,37.5310088,126.8462048,15856814.0
1212,35.2882717,128.5978237,4136300.0
1213,35.5347573,129.3303531,760284.0
1214,33.791638,-84.389488,
1215,35.1719064,126.9323432,11964084.0
1216,35.5439214,129.3085514,1108643.0
1217,35.2563217,129.21508,2431446.0
1218,35.5604567,129.2268668,1702159.0
1219,35.5471304,129.2842057,1385257.0
1220,35.5476826,129.315342,1142169.0
1221,35.0831461,128.9059933,4235874.0
1222,37.4799347,126.7938998,15313716.0
1223,35.5414712,129.3406999,927130.0
1224,35.5769286,129.3102196,1696626.0
1225,35.5561792,129.3470651,1066937.0
1226,35.556542,129.3034153,1394897.0
1227,35.4047737,129.2880184,1409962.0
1228,37.6340504,126.6763979,16380996.0
1229,35.4383717,129.3102751,1212806.0
1230,37.499378,127.0698514,15176369.0
1231,37.4922564,126.8771784,15447017.0
1232,35.2060288,129.040375,3467216.0
1233,35.2563217,129.21508,2433755.0
1234,35.6304558,129.3403657,1644023.0
1235,35.544768,129.4320147,1675752.0
1236,35.09758619999999,128.9665349,3980478.0
1237,35.23808289999999,128.6779172,5244441.0
1238,37.377907,127.137516,14651420.0
1239,35.8266053,128.5429393,6019919.0
1240,37.509348,127.0141898,14964666.0
1241,35.4378339,129.3053907,1169495.0
1242,35.542751,129.3209992,991258.0
1243,35.5157235,129.3360104,514503.0
1244,35.5137053,129.311519,786421.0
1245,35.5571231,129.1899537,1737288.0
1246,35.4291292,129.3069054,1064547.0
1247,35.2005149,128.712167,4530267.0
1248,35.2287666,128.6996792,4334845.0
1249,35.2492154,128.6795054,4768988.0
1250,35.3430375,129.3189852,2049135.0
1251,35.5825622,129.3681107,1241037.0
1252,35.5600507,129.231241,1622923.0
1253,35.5824411,129.3418714,1522024.0
1254,35.5357051,129.2995547,1013609.0
1255,35.4865223,129.2948347,896336.0
1256,37.5792622,127.0554405,15026271.0
1257,35.540917,129.3441684,881380.0
1258,35.2223093,128.7031906,4463979.0
1259,35.5566537,129.3344402,1193439.0
1260,35.23677260000001,129.2144326,2462776.0
1261,35.3605574,128.9840186,3815910.0
1262,35.5353289,129.3222988,812014.0
1263,35.1613372,129.1821065,2683200.0
1264,35.5250258,129.3119292,833360.0
1265,35.5132544,129.3098019,766761.0
1266,35.43824499999999,129.3056366,1198066.0
1267,35.5427926,129.313308,1082928.0
1268,35.5248795,129.3284416,623279.0
1269,37.0585665,127.0788612,13359027.0
1270,35.1582803,129.1285261,2776880.0
1271,35.4268452,129.1877119,1865887.0
1272,35.176529,129.1774377,2389168.0
1273,35.4865452,129.3074553,804080.0
1274,35.2364292,128.6674559,4647847.0
1275,35.5171726,129.3165118,924467.0
1276,35.5291569,129.3329689,711706.0
1277,35.483884,129.303975,839054.0
1278,35.4329885,129.3103255,1070319.0
1279,37.0471724,127.1480384,13189493.0
1280,37.5693542,126.8205661,16011055.0
1281,35.2130252,128.7103706,4585351.0
1282,35.1709996,129.0531161,3787443.0
1283,,,
1284,35.55648559999999,129.2581418,1439186.0
1285,35.5707744,129.2368008,1539395.0
1286,35.1582897,129.1284842,2776160.0
1287,35.2199079,129.1101342,2776019.0
1288,35.3597746,128.9779875,3912982.0
1289,35.5347573,129.3303531,760284.0
1290,35.2395327,129.211249,2514400.0
1291,35.4375271,129.3075214,1124476.0
1292,35.2317337,128.5795476,4312298.0
1293,34.8784582,128.7324897,6576773.0
1294,34.8755389,128.7303111,6553503.0
1295,35.3167029,128.505525,4866880.0
1296,35.8530205,128.5523942,6140733.0
1297,36.5512735,128.7309408,7805931.0
1298,35.5309355,129.3174811,965752.0
1299,35.4156351,129.0608985,2863734.0
1300,36.5997872,128.2048234,8333395.0
1301,35.5687341,129.3402348,1372140.0
1302,35.4018356,129.1719319,2159713.0
1303,35.9911854,129.5621793,4175984.0
1304,35.5833401,126.8538969,13230411.0
1305,35.5179079,129.3159985,868325.0
1306,35.5347778,129.2937519,1151746.0
1307,35.5549071,129.2778246,1423661.0
1308,35.3029402,128.5886292,4313118.0
1309,35.5551616,129.2524243,1299926.0
1310,35.57979,129.3461884,1226615.0
1311,35.0825754,128.0996169,6592835.0
1312,37.2197952,127.0533731,14157493.0
1313,35.4581368,129.2927524,853551.0
1314,36.0661218,129.3820322,4691024.0
1315,35.4912177,129.2134012,1469120.0
1316,35.5254628,129.3296637,611345.0
1317,35.5257206,129.3181411,849089.0
1318,37.4041684,127.1268485,14274805.0
1319,35.6241253,129.4383456,1968698.0
1320,35.8852385,128.6347647,5288051.0
1321,37.5171809,127.0456588,15173739.0
1322,,,
1323,35.3007276,128.5873448,4196390.0
1324,37.5007296,127.0879536,15162339.0
1325,35.314138,129.000185,3022196.0
1326,34.9401663,127.5314289,9062136.0
1327,35.2072814,128.8047512,3769900.0
1328,34.7606605,127.6339206,10043329.0
1329,36.084703,129.405696,4755237.0
1330,37.599028,127.0233899,15301735.0
1331,37.0517657,127.058976,13391012.0
1332,35.1566914,129.1449969,2722038.0
1333,37.5615082,126.8116509,16214747.0
1334,35.1553168,129.1262722,2855877.0
1335,35.4101279,129.289515,1313765.0
1336,35.2223093,128.7031906,4463607.0
1337,35.2553427,128.6145715,4466352.0
1338,35.55884700000001,129.128861,2219217.0
1339,37.5212927,127.1095969,14896169.0
1340,35.1319427,129.0428046,3771437.0
1341,35.6379498,129.436627,1961325.0
1342,36.997496,127.142775,12643687.0
1343,36.0849866,129.3979164,4589316.0
1344,35.2041279,128.6930655,4500364.0
1345,35.2008494,128.6278772,5039660.0
1346,37.579982,127.214807,14594972.0
1347,37.5070374,126.715969,15507731.0
1348,35.5510303,129.2660604,1275990.0
1349,37.5506932,126.9108623,15501903.0
1350,35.1302433,126.8526574,12463133.0
1351,35.5165888,129.4240448,1053325.0
1352,37.322706,127.121268,14114964.0
1353,34.730611,127.7158361,10726366.0
1354,35.1755269,129.0554769,3864187.0
1355,36.005825,129.321256,3709052.0
1356,33.791638,-84.389488,
1357,35.54853629999999,129.3159787,1091562.0
1358,35.593733,129.36402,1347684.0
1359,37.349286,127.1139902,14693715.0
1360,35.5211024,129.3362188,467023.0
1361,35.5634663,129.3295446,1251879.0
1362,35.53837770000001,129.3154147,975477.0
1363,37.4633008,127.1671485,14673476.0
1364,37.6628519,127.0602666,15396481.0
1365,35.5514583,129.253809,1429209.0
1366,33.791638,-84.389488,
1367,37.725107,127.1788521,15239561.0
1368,33.791638,-84.389488,
1369,35.5788218,129.3106072,1769428.0
1370,35.5503198,129.2947746,1397610.0
1371,33.791638,-84.389488,
1372,35.437375,129.3095155,1121041.0
1373,35.5575411,129.2624469,1417749.0
1374,33.791638,-84.389488,
1375,37.5805072,127.0835977,14643128.0
1376,37.504154,126.993331,15119848.0
1377,33.791638,-84.389488,
1378,35.5534338,129.2911427,1424320.0
1379,33.791638,-84.389488,
1380,33.791638,-84.389488,
1381,35.524352,129.317304,967122.0
1382,37.4976559,127.0648797,15050647.0
1383,33.791638,-84.389488,
1384,37.3958051,126.9466718,14864563.0
1385,35.5430442,129.3366348,904015.0
1386,37.5036961,126.7265754,15405011.0
1387,,,
1388,35.5367396,129.3485783,780481.0
1389,37.6242768,127.0771287,14981285.0
1390,37.4879654,126.9590124,15203784.0
1391,37.4820585,126.8507672,15498644.0
1392,35.4082536,129.281616,1334860.0
1393,35.5157235,129.3360104,518184.0
1394,35.5510303,129.2660604,1282778.0
1395,35.553207,129.2970898,1442359.0
1396,35.540178,129.2579269,1157291.0
1397,,,
1398,35.3654443,129.3192262,2022980.0
1399,37.5074298,126.8802312,15284226.0
1400,35.6399369,129.3612663,1698113.0
1401,37.2992087,127.1114918,14211231.0
1402,35.4887826,129.3016238,798801.0
1403,33.791638,-84.389488,
1404,35.4267465,129.3307966,999280.0
1405,35.4267465,129.3307966,999280.0
1406,35.3779727,129.2831055,1640076.0
1407,35.4267465,129.3307966,999280.0
1408,35.4267465,129.3307966,999280.0
1409,35.4267465,129.3307966,999280.0
1410,35.4267465,129.3307966,999280.0
1411,35.4267465,129.3307966,999280.0
1412,35.4267465,129.3307966,999280.0
1413,35.4267465,129.3307966,999280.0
1414,35.4267465,129.3307966,999280.0
1415,35.43025069999999,129.3293117,893754.0
1416,35.4267465,129.3307966,999280.0
1417,35.4267465,129.3307966,999280.0
1418,35.4267465,129.3307966,999280.0
1419,35.4267465,129.3307966,999280.0
1420,35.4267465,129.3307966,999280.0
1421,35.4267465,129.3307966,999280.0
1422,35.4267465,129.3307966,999280.0
1423,35.4267465,129.3307966,999280.0
1424,35.4267465,129.3307966,999280.0
1425,35.4267465,129.3307966,999280.0
1426,35.4267465,129.3307966,999280.0
1427,35.4267465,129.3307966,999280.0
1428,35.4267465,129.3307966,999280.0
1429,35.4267465,129.3307966,999280.0
1430,35.4267465,129.3307966,999280.0
1431,35.4267465,129.3307966,999280.0
1432,35.4267465,129.3307966,999280.0
1433,35.4267465,129.3307966,999280.0
1434,35.4267465,129.3307966,999280.0
1435,35.4267465,129.3307966,999280.0
1436,35.4267465,129.3307966,999280.0
1437,35.4408891,129.3092236,1239033.0
1438,35.1988529,129.1026132,2981077.0
1439,35.2720806,129.2446413,1839312.0
1440,35.2483495,129.0876196,2786506.0
1441,35.2408314,129.2185327,2327004.0
1442,37.5370857,127.075629,14979411.0
1443,35.4720558,129.3211782,875268.0
1444,35.5315733,129.3331354,769919.0
1445,35.2733028,129.2440379,1875193.0
1446,35.4310339,129.3103797,1151055.0
1447,37.7542294,127.0202788,15264130.0
1448,35.5402384,129.314293,1028850.0
1449,35.3888471,129.3456655,1416981.0
1450,35.1872802,129.2050634,2247554.0
1451,35.3251949,129.2071528,2104493.0
1452,35.2266339,129.1616878,3104583.0
1453,35.4096011,129.3283899,1167766.0
1454,35.4355597,129.3138308,1019803.0
1455,35.7675264,129.4336954,3235783.0
1456,35.3890491,129.345736,1429833.0
1457,35.5521987,129.3441318,1045856.0
1458,35.4865802,129.4171844,1117340.0
1459,35.533545,129.326858,826664.0
1460,35.4295652,129.3077538,1127224.0
1461,35.5849318,129.3695335,1279061.0
1462,35.6253953,129.3582946,1594458.0
1463,35.2425754,129.0546206,2943073.0
1464,35.4839099,129.3451792,251060.0
1465,35.4720558,129.3211782,875268.0
1466,35.2408314,129.2185327,2324261.0
1467,35.5547686,129.3200448,1100264.0
1468,35.4384728,129.3102791,1169302.0
1469,35.5396272,129.2978052,1252082.0
1470,35.2321973,129.1516022,2991434.0
1471,35.2419549,129.2171553,2365154.0
1472,35.2406023,129.2116384,2481342.0
1473,35.3888471,129.3456655,1416981.0
1474,35.540627,129.2941111,1309082.0
1475,35.1772367,129.1054028,3024739.0
1476,35.4148194,129.2812858,1137664.0
1477,35.4413583,129.3073993,1214455.0
1478,35.5425461,129.4311815,1558954.0
1479,35.1872802,129.2050634,2247554.0
1480,37.7542294,127.0202788,15258415.0
1481,35.2346739,129.2183011,2365019.0
1482,35.644588,129.3528526,1920373.0
1483,35.5510564,129.2676909,1301304.0
1484,35.4108369,129.1729242,2025638.0
1485,35.2253915,129.2309704,2516102.0
1486,35.2321973,129.1516022,2990909.0
1487,35.27293179999999,129.2451423,1837579.0
1488,35.27293179999999,129.2451423,1837579.0
1489,35.1897132,129.2058591,2223564.0
1490,35.18456760000001,129.2028374,2255998.0
1491,35.1823788,129.2044037,2312930.0
1492,35.5189633,129.3115267,797332.0
1493,37.2905899,127.0019149,14518052.0
