직원id,입사일,퇴사일,근속연수(연),근속연수(월),근속연수(일)
1,1982-02-10,2012-12-31,30,370,11282
2,1983-03-01,2012-09-07,29,354,10783
3,1986-12-26,2008-12-31,22,264,8041
4,1994-01-01,2015-07-15,21,258,7865
5,1994-07-20,2012-02-25,17,211,6429
6,1997-02-21,2019-03-31,22,265,8073
7,1997-05-19,//,22,266,8108
8,1997-07-14,//,22,264,8052
9,1998-03-23,2012-06-19,14,170,5202
10,1999-03-31,2015-07-31,16,196,5966
11,1999-07-12,2015-10-30,16,195,5954
12,1999-09-06,2016-04-30,16,199,6081
13,1999-09-27,//,20,238,7247
14,1999-10-18,2010-11-20,11,133,4051
15,1999-11-01,2014-04-30,14,173,5294
16,1999-11-01,2010-08-20,10,129,3945
17,1999-11-15,2015-12-18,16,193,5877
18,2000-04-06,2010-07-20,10,123,3757
19,2000-10-02,2015-09-30,14,179,5476
20,2000-10-02,2012-05-31,11,139,4259
21,2000-10-04,2016-12-31,16,194,5932
22,2000-10-04,//,19,225,6874
23,2000-10-04,2010-07-20,9,117,3576
24,2000-10-09,//,19,225,6869
25,2001-04-03,//,18,219,6693
26,2001-05-29,2015-11-30,14,174,5298
27,2001-07-23,2015-10-14,14,170,5196
28,2001-11-21,//,18,212,6461
29,2002-03-25,2012-09-14,10,125,3826
30,2002-06-03,//,17,205,6267
31,2003-12-05,//,16,187,5717
32,2003-12-22,//,16,187,5700
33,2004-03-02,//,15,184,5629
34,2004-04-21,//,15,183,5579
35,2004-05-18,2016-04-30,11,143,4365
36,2005-11-01,2013-04-30,7,89,2737
37,2005-12-16,//,14,163,4975
38,2005-12-26,2014-07-15,8,102,3123
39,2005-12-26,2012-12-17,6,83,2548
40,2006-01-09,2015-12-31,9,119,3643
41,2006-01-09,2012-06-30,6,77,2364
42,2006-01-09,2011-03-20,5,62,1896
43,2006-01-09,2010-11-12,4,58,1768
44,2006-01-09,2009-05-31,3,40,1238
45,2006-01-09,2011-03-20,5,62,1896
46,2009-03-21,2011-01-11,1,21,661
47,2006-03-13,2017-10-31,11,139,4250
48,2006-03-15,2012-04-30,6,73,2238
49,2006-03-20,//,13,160,4881
50,2006-04-01,2009-11-10,3,43,1319
51,2006-04-03,2019-07-31,13,159,4867
52,2006-04-17,2016-04-30,10,120,3666
53,2006-04-17,2010-08-20,4,52,1586
54,2006-05-02,2016-02-29,9,117,3590
55,2006-05-08,2015-05-31,9,108,3310
56,2006-05-08,2011-11-21,5,66,2023
57,2006-05-10,2016-11-30,10,126,3857
58,2006-05-21,2012-12-31,6,79,2416
59,2006-05-22,2010-02-20,3,44,1370
60,2006-06-19,2012-12-31,6,78,2387
61,2006-06-26,2016-09-22,10,122,3741
62,2006-06-27,2011-05-31,4,59,1799
63,2006-07-04,2013-08-13,7,85,2597
64,2006-07-21,2016-02-12,9,114,3493
65,2006-07-21,//,13,156,4758
66,2006-09-04,//,13,154,4713
67,2006-09-11,2012-08-31,5,71,2181
68,2006-09-18,2016-04-30,9,115,3512
69,2006-09-18,2012-02-16,5,64,1977
70,2006-10-09,2010-10-05,3,47,1457
71,2006-10-12,2014-04-18,7,90,2745
72,2006-10-12,2015-05-31,8,103,3153
73,2006-10-12,2012-08-27,5,70,2146
74,2006-10-12,2012-09-30,5,71,2180
75,2006-10-12,//,13,153,4675
76,2006-11-01,2011-04-20,4,53,1631
77,2006-11-01,2012-02-29,5,63,1946
78,2006-11-06,2011-10-20,4,59,1809
79,2006-11-07,2016-04-30,9,113,3462
80,2006-11-20,2010-07-30,3,44,1348
81,2006-11-20,2011-11-04,4,59,1810
82,2007-01-02,2015-12-31,8,107,3285
83,2007-01-02,2010-05-02,3,40,1216
84,2007-01-08,//,12,150,4587
85,2007-01-08,//,12,150,4587
86,2007-01-08,2012-12-31,5,71,2184
87,2007-01-08,2010-09-20,3,44,1351
88,2007-01-08,2016-10-03,9,116,3556
89,2007-01-08,//,12,150,4587
90,2007-01-08,2014-04-23,7,87,2662
91,2007-01-08,//,12,150,4587
92,2007-01-11,2017-12-31,10,131,4007
93,2007-01-15,2012-10-12,5,68,2097
94,2007-01-17,//,12,150,4578
95,2007-01-17,2010-12-31,3,47,1444
96,2007-02-21,2010-10-20,3,43,1337
97,2007-03-02,2010-05-06,3,38,1161
98,2007-03-14,2009-04-02,2,24,750
99,2007-03-26,2016-07-13,9,111,3397
100,2007-04-01,2012-02-01,4,58,1767
101,2007-04-16,2016-07-31,9,111,3394
102,2008-04-21,2013-04-20,4,59,1825
103,2007-04-23,2010-12-20,3,43,1337
104,2007-05-01,2011-03-23,3,46,1422
105,2007-05-14,2016-04-30,8,107,3274
106,2007-06-05,2009-09-30,2,27,848
107,2007-06-11,2015-12-31,8,102,3125
108,2007-07-01,2012-10-24,5,63,1942
109,2007-07-01,2010-07-20,3,36,1115
110,2007-07-09,2009-11-11,2,28,856
111,2007-07-11,2017-02-28,9,115,3520
112,2007-07-23,2011-09-23,4,50,1523
113,2007-07-23,2011-07-08,3,47,1446
114,2007-07-23,2009-12-11,2,28,872
115,2007-07-23,2012-07-10,4,59,1814
116,2007-08-01,2018-01-31,10,125,3836
117,2007-08-06,2009-08-14,2,24,739
118,2007-08-06,2015-11-30,8,99,3038
119,2007-08-07,2009-10-30,2,26,815
120,2007-08-13,2011-07-22,3,47,1439
121,2007-08-13,2011-07-27,3,47,1444
122,2007-08-21,2011-06-10,3,45,1389
123,2007-09-21,//,12,142,4331
124,2007-10-11,//,12,141,4311
125,2007-10-15,2015-02-28,7,88,2693
126,2007-10-15,2012-09-30,4,59,1812
127,2007-10-29,//,12,141,4293
128,2007-10-29,2013-05-21,5,66,2031
129,2007-10-29,2011-10-31,4,48,1463
130,2007-10-29,2009-02-04,1,15,464
131,2007-10-29,2012-02-21,4,51,1576
132,2007-10-29,2011-12-09,4,49,1502
133,2007-10-29,//,12,141,4293
134,2007-10-29,2010-07-21,2,32,996
135,2007-11-01,2013-09-30,5,70,2160
136,2007-11-01,2014-03-16,6,76,2327
137,2007-11-21,2015-11-30,8,96,2931
138,2007-11-21,2012-02-10,4,50,1542
139,2007-11-21,2015-11-30,8,96,2931
140,2007-12-03,2012-05-31,4,53,1641
141,2008-01-02,2013-02-28,5,61,1884
142,2008-01-07,2013-12-31,5,71,2185
143,2008-01-21,2011-03-31,3,38,1165
144,2008-01-28,2016-07-31,8,102,3107
145,2008-01-28,//,11,138,4202
146,2008-01-28,//,11,138,4202
147,2008-01-28,2011-12-20,3,46,1422
148,2008-01-28,2013-02-23,5,60,1853
149,2008-01-28,//,11,138,4202
150,2008-01-28,2017-05-07,9,111,3387
151,2008-01-28,//,11,138,4202
152,2008-01-28,2011-06-24,3,40,1243
153,2008-01-28,2017-05-31,9,112,3411
154,2008-01-28,2011-06-29,3,41,1248
155,2008-01-28,2015-10-31,7,93,2833
156,2008-01-28,//,11,138,4202
157,2008-01-28,2009-09-04,1,19,585
158,2008-01-28,2012-09-08,4,55,1685
159,2008-01-28,2011-08-31,3,43,1311
160,2008-01-28,2011-10-01,3,44,1342
161,2008-01-28,//,11,138,4202
162,2008-01-28,2015-07-08,7,89,2718
163,2008-01-28,//,11,138,4202
164,2008-01-28,2011-05-20,3,39,1208
165,2008-01-28,//,11,138,4202
166,2008-02-01,//,11,137,4198
167,2008-02-04,2009-06-28,1,16,510
168,2008-02-11,2013-01-18,4,59,1803
169,2008-02-21,2010-05-20,2,26,819
170,2008-03-03,2010-03-26,2,24,753
171,2008-03-06,2015-12-31,7,93,2856
172,2008-03-17,2010-08-20,2,29,886
173,2008-03-19,2016-04-30,8,97,2964
174,2008-03-19,2016-04-30,8,97,2964
175,2008-03-21,2011-06-28,3,39,1194
176,2008-03-24,2012-06-30,4,51,1559
177,2008-03-24,//,11,136,4146
178,2008-03-31,//,11,136,4139
179,2008-04-07,2012-06-26,4,50,1541
180,2008-04-07,2011-08-19,3,40,1229
181,2008-04-21,2016-07-31,8,99,3023
182,2008-04-23,2010-10-20,2,29,910
183,2008-04-28,2013-08-31,5,64,1951
184,2008-04-28,2012-06-08,4,49,1502
185,2008-05-15,2012-06-30,4,49,1507
186,2008-05-19,2008-11-30,0,6,195
187,2008-06-02,2012-01-20,3,43,1327
188,2008-06-02,//,11,133,4076
189,2008-06-02,2015-04-10,6,82,2503
190,2008-06-02,2017-11-30,9,113,3468
191,2008-06-02,2015-09-30,7,87,2676
192,2008-06-02,//,11,133,4076
193,2008-06-02,//,11,133,4076
194,2008-06-09,2011-05-25,2,35,1080
195,2008-06-23,2016-04-30,7,94,2868
196,2008-06-30,2011-10-28,3,39,1215
197,2008-06-30,2011-11-30,3,41,1248
198,2008-07-02,2011-03-20,2,32,991
199,2008-07-02,2016-02-29,7,91,2798
200,2008-07-07,2015-03-19,6,80,2446
201,2008-07-07,2016-04-30,7,93,2854
202,2008-07-08,//,11,132,4040
203,2008-07-14,2009-10-16,1,15,459
204,2008-07-14,2014-08-31,6,73,2239
205,2008-07-14,//,11,132,4034
206,2008-07-14,2009-02-03,0,6,204
207,2008-07-16,2009-03-04,0,7,231
208,2008-07-16,//,11,132,4032
209,2008-07-21,2010-10-08,2,26,809
210,2008-07-22,2011-11-25,3,40,1221
211,2008-08-04,2010-12-20,2,28,868
212,2008-08-05,2011-10-14,3,38,1165
213,2008-08-09,2010-12-10,2,28,853
214,2008-08-18,2010-09-10,2,24,753
215,2008-08-18,2012-01-13,3,40,1243
216,2008-08-18,2012-10-31,4,50,1535
217,2008-08-25,//,11,131,3992
218,2008-08-25,2010-12-17,2,27,844
219,2008-09-01,2015-11-10,7,86,2626
220,2008-09-01,2009-11-05,1,14,430
221,2008-09-01,//,11,130,3985
222,2008-09-08,2012-01-31,3,40,1240
223,2008-09-09,//,11,130,3977
224,2008-09-17,2014-12-31,6,75,2296
225,2008-09-22,//,11,130,3964
226,2008-09-22,2015-05-31,6,80,2442
227,2008-09-29,//,11,130,3957
228,2008-10-08,2012-11-02,4,48,1486
229,2008-10-08,//,11,129,3948
230,2008-10-13,//,11,129,3943
231,2008-10-21,2016-05-03,7,90,2751
232,2008-10-27,2008-12-31,0,2,65
233,2008-10-31,2011-04-29,2,29,910
234,2008-11-03,2018-03-09,9,112,3413
235,2008-11-03,//,11,128,3922
236,2008-11-03,2009-11-20,1,12,382
237,2008-11-17,2016-04-30,7,89,2721
238,2008-11-17,//,11,128,3908
239,2008-11-17,//,11,128,3908
240,2008-11-17,2014-10-25,5,71,2168
241,2008-11-24,//,11,128,3901
242,2008-12-01,//,11,127,3894
243,2008-12-01,2013-06-30,4,54,1672
244,2008-12-01,2011-11-22,2,35,1086
245,2008-12-01,2011-07-15,2,31,956
246,2008-12-01,//,11,127,3894
247,2008-12-01,2011-07-31,2,31,972
248,2008-12-01,2013-11-30,4,59,1825
249,2008-12-01,2016-09-30,7,93,2860
250,2008-12-01,2013-03-20,4,51,1570
251,2008-12-01,2010-09-20,1,21,658
252,2008-12-01,2009-04-15,0,4,135
253,2008-12-01,//,11,127,3894
254,2008-12-01,2010-11-12,1,23,711
255,2008-12-01,2009-10-01,0,10,304
256,2008-12-01,//,11,127,3894
257,2008-12-01,2012-06-15,3,42,1292
258,2008-12-01,//,11,127,3894
259,2008-12-01,2011-01-19,2,25,779
260,2008-12-01,2010-06-30,1,18,576
261,2008-12-15,2015-11-10,6,82,2521
262,2009-01-12,2016-07-31,7,90,2757
263,2009-01-19,2009-04-30,0,3,101
264,2009-02-09,//,10,125,3824
265,2009-02-23,2015-06-30,6,76,2318
266,2009-03-21,2011-01-11,1,21,661
267,2009-03-21,2010-08-20,1,16,517
268,2009-03-21,2011-01-11,1,21,661
269,2009-04-13,2009-07-17,0,3,95
270,2009-04-13,//,10,123,3761
271,2009-06-01,2011-12-31,2,30,943
272,2009-07-01,2015-11-30,6,76,2343
273,2009-07-13,2012-11-06,3,39,1212
274,2009-07-15,2009-10-31,0,3,108
275,2009-07-21,2009-12-14,0,4,146
276,2009-07-15,2011-03-20,1,20,613
277,2009-08-21,2009-08-22,0,0,1
278,2009-08-27,//,10,119,3625
279,2009-09-14,2014-12-31,5,63,1934
280,2009-09-07,2013-06-20,3,45,1382
281,2009-10-06,2010-03-10,0,5,155
282,2009-10-13,2015-03-19,5,65,1983
283,2009-08-21,2015-05-31,5,69,2109
284,2009-10-26,2013-03-31,3,41,1252
285,2009-11-02,2012-10-31,2,35,1094
286,2009-11-09,2010-08-31,0,9,295
287,2009-11-09,2011-11-24,2,24,745
288,2009-11-16,2012-09-12,2,33,1031
289,2009-12-01,2013-01-31,3,37,1157
290,2009-12-01,2013-12-06,4,48,1466
291,2009-12-21,2013-02-15,3,37,1152
292,2009-12-15,2011-04-30,1,16,501
293,2009-12-15,2010-07-09,0,6,206
294,2009-12-28,2010-06-20,0,5,174
295,2009-12-29,2014-10-22,4,57,1758
296,2010-01-04,2014-04-18,4,51,1565
297,2010-02-01,2011-07-08,1,17,522
298,2010-02-17,2016-07-31,6,77,2356
299,2010-02-22,2010-03-25,0,1,31
300,2010-02-22,2014-08-31,4,54,1651
301,2010-03-02,2011-11-20,1,20,628
302,2010-03-02,2018-02-14,7,95,2906
303,2010-03-02,//,9,112,3438
304,2010-03-02,2013-09-06,3,42,1284
305,2010-03-02,//,9,112,3438
306,2010-03-02,2010-06-30,0,3,120
307,2010-03-02,2013-09-17,3,42,1295
308,2010-03-02,2011-03-10,1,12,373
309,2010-03-02,//,9,112,3438
310,2010-03-02,2016-04-30,6,73,2251
311,2010-03-02,2011-05-31,1,14,455
312,2010-03-02,2010-09-20,0,6,202
313,2010-03-02,//,9,112,3438
314,2010-03-02,2010-09-03,0,6,185
315,2010-03-02,2010-10-29,0,7,241
316,2010-03-02,//,9,112,3438
317,2010-03-02,2013-04-14,3,37,1139
318,2010-03-02,2012-09-07,2,30,920
319,2010-03-02,//,9,112,3438
320,2010-03-02,2011-10-20,1,19,597
321,2010-03-02,2010-08-17,0,5,168
322,2010-03-03,2012-07-13,2,28,863
323,2010-03-04,//,9,112,3436
324,2010-03-03,//,9,112,3437
325,2010-03-04,2016-02-29,5,71,2188
326,2010-05-17,2012-08-31,2,27,837
327,2010-05-24,2011-05-23,0,11,364
328,2010-06-17,2012-09-10,2,26,816
329,2010-06-21,2013-06-30,3,36,1105
330,2010-06-08,2012-02-15,1,20,617
331,2010-06-28,2012-03-20,1,20,631
332,2010-07-01,2015-08-14,5,61,1870
333,2010-07-12,2011-10-14,1,15,459
334,2010-07-21,2015-05-31,4,58,1775
335,2010-07-21,2011-09-09,1,13,415
336,2010-07-21,2013-12-25,3,41,1253
337,2010-07-21,//,9,108,3297
338,2010-07-21,2011-12-01,1,16,498
339,2010-08-02,2011-03-09,0,7,219
340,2010-08-02,2012-02-15,1,18,562
341,2010-08-02,2011-06-20,0,10,322
342,2010-08-04,2012-02-24,1,18,569
343,2010-08-09,//,9,107,3278
344,2010-08-12,2016-04-15,5,68,2073
345,2010-09-01,2010-10-01,0,1,30
346,2010-09-06,//,9,106,3250
347,2010-09-06,2011-09-20,1,12,379
348,2010-09-13,2019-04-30,8,103,3151
349,2010-09-29,2014-03-14,3,41,1262
350,2010-09-29,2010-12-27,0,2,89
351,2010-10-21,2017-06-30,6,80,2444
352,2010-10-21,2014-08-31,3,46,1410
353,2010-10-21,2011-03-20,0,4,150
354,2010-10-25,2011-03-10,0,4,136
355,2010-11-01,2013-12-06,3,37,1131
356,2010-11-01,2016-04-24,5,65,2001
357,2010-11-01,2010-12-07,0,1,36
358,2010-11-08,2012-07-31,1,20,631
359,2010-11-08,2013-09-22,2,34,1049
360,2010-11-10,2012-09-23,1,22,683
361,2010-11-01,2011-01-21,0,2,81
362,2010-11-22,2010-12-02,0,0,10
363,2010-11-22,2011-03-10,0,3,108
364,2010-12-02,2011-09-20,0,9,292
365,2010-12-06,//,9,103,3159
366,2010-11-21,2011-05-20,0,5,180
367,2011-01-01,2014-12-31,3,47,1460
368,2011-01-01,2015-12-31,4,59,1825
369,2010-12-31,2011-03-24,0,2,83
370,2011-01-03,2011-04-08,0,3,95
371,2011-01-03,2012-11-20,1,22,687
372,2011-01-03,2013-11-20,2,34,1052
373,2011-01-10,2015-12-31,4,59,1816
374,2011-01-24,//,8,102,3110
375,2011-02-07,2012-02-15,1,12,373
376,2011-02-07,2017-06-30,6,76,2335
377,2011-02-14,2012-02-13,0,11,364
378,2011-02-16,2012-12-07,1,21,660
379,2011-02-21,//,8,101,3082
380,2011-02-21,2012-03-18,1,12,391
381,2011-02-21,2012-01-29,0,11,342
382,2011-02-24,//,8,101,3079
383,2011-03-02,2011-09-02,0,6,184
384,2011-03-02,2014-02-28,2,35,1094
385,2011-03-02,2013-03-17,2,24,746
386,2011-03-07,2011-07-25,0,4,140
387,2011-03-07,2012-02-15,0,11,345
388,2011-03-28,2013-04-07,2,24,741
389,2011-04-01,2015-12-31,4,56,1735
390,2011-03-28,2016-06-01,5,62,1892
391,2011-03-31,//,8,100,3044
392,2011-04-01,2016-04-30,5,60,1856
393,2011-04-04,2011-05-11,0,1,37
394,2011-04-04,2015-02-28,3,46,1426
395,2011-04-04,2015-04-30,4,48,1487
396,2011-04-04,2016-04-30,5,60,1853
397,2011-04-04,2011-07-14,0,3,101
398,2011-04-07,2012-02-15,0,10,314
399,2011-04-18,2011-04-20,0,0,2
400,2011-04-21,//,8,99,3023
401,2011-04-21,//,8,99,3023
402,2011-04-25,//,8,99,3019
403,2011-04-25,//,8,99,3019
404,2011-05-02,2011-10-05,0,5,156
405,2011-05-02,2011-10-20,0,5,171
406,2011-05-02,2016-07-31,5,62,1917
407,2011-05-02,2011-12-20,0,7,232
408,2011-05-02,2012-02-21,0,9,295
409,2011-05-13,2013-06-10,2,24,759
410,2011-05-13,2017-06-15,6,73,2225
411,2011-05-16,2015-11-30,4,54,1659
412,2011-05-01,2011-10-31,0,5,183
413,2011-05-01,2011-07-31,0,2,91
414,2011-05-01,2011-07-31,0,2,91
415,2011-05-23,2013-10-31,2,29,892
416,2011-05-30,2018-02-19,6,80,2457
417,2011-05-30,2011-09-02,0,3,95
418,2011-05-23,2012-02-15,0,8,268
419,2011-05-23,2012-02-15,0,8,268
420,2007-09-27,2012-10-10,5,60,1840
421,2008-12-09,//,11,127,3886
422,2010-04-01,2013-10-25,3,42,1303
423,2009-11-23,2013-07-11,3,43,1326
424,2008-06-16,2013-03-20,4,57,1738
425,2011-06-01,2012-02-15,0,8,259
426,2011-06-07,2014-10-31,3,40,1242
427,2011-06-02,2011-07-20,0,1,48
428,2011-06-02,2011-08-01,0,1,60
429,2011-06-02,2011-07-20,0,1,48
430,2011-06-02,2012-02-15,0,8,258
431,2011-06-02,2012-02-15,0,8,258
432,2011-06-14,2018-05-31,6,83,2543
433,2011-06-16,2011-11-07,0,4,144
434,2011-06-27,2011-07-31,0,1,34
435,2011-06-21,2012-02-16,0,7,240
436,2011-06-21,2012-02-15,0,7,239
437,2011-07-04,//,8,96,2949
438,2011-07-04,2019-07-30,8,96,2948
439,2011-07-06,2012-02-15,0,7,224
440,2011-07-11,2011-09-30,0,2,81
441,2011-07-11,//,8,96,2942
442,2011-07-11,2012-11-16,1,16,494
443,2011-07-11,2012-09-28,1,14,445
444,2011-07-11,2011-07-13,0,0,2
445,2011-07-13,2011-11-01,0,3,111
446,2011-07-13,2011-08-08,0,0,26
447,2011-07-13,2011-07-19,0,0,6
448,2011-07-13,//,8,96,2940
449,2011-07-13,2016-04-30,4,57,1753
450,2011-07-13,2012-02-29,0,7,231
451,2011-07-13,2011-12-19,0,5,159
452,2011-07-13,2016-04-30,4,57,1753
453,2011-07-13,//,8,96,2940
454,2011-07-13,2016-07-31,5,60,1845
455,2011-07-18,2011-12-01,0,4,136
456,2011-07-18,2013-03-31,1,20,622
457,2011-07-25,//,8,96,2928
458,2011-07-25,2015-12-21,4,52,1610
459,2011-07-25,2012-01-04,0,5,163
460,2011-07-25,2011-08-08,0,0,14
461,2011-07-26,2013-03-17,1,19,600
462,2011-08-03,2012-02-15,0,6,196
463,2011-08-16,2012-02-15,0,5,183
464,2011-08-08,2011-08-12,0,0,4
465,2011-08-08,2013-05-05,1,20,636
466,2011-08-09,//,8,95,2913
467,2011-08-10,//,8,95,2912
468,2011-08-19,2011-10-25,0,2,67
469,2011-08-22,2012-06-30,0,10,313
470,2011-08-22,2011-11-04,0,2,74
471,2011-08-22,2014-01-12,2,28,874
472,2011-09-01,2012-10-05,1,13,400
473,2011-09-05,2014-03-20,2,30,927
474,2011-09-05,2016-07-31,4,58,1791
475,2011-09-19,2014-07-31,2,34,1046
476,2011-09-19,2013-11-30,2,26,803
477,2011-09-21,2018-01-12,6,75,2305
478,2011-09-21,2015-08-31,3,47,1440
479,2011-09-21,2012-03-31,0,6,192
480,2011-09-23,2016-07-31,4,58,1773
481,2011-09-26,2015-12-31,4,51,1557
482,2011-10-04,2011-12-18,0,2,75
483,2011-10-10,2015-01-12,3,39,1190
484,2011-10-10,2013-12-31,2,26,813
485,2011-10-10,2016-04-30,4,54,1664
486,2011-10-10,2012-05-31,0,7,234
487,2011-10-10,//,8,93,2851
488,2011-10-17,//,8,93,2844
489,2011-10-24,2015-11-30,4,49,1498
490,2011-10-24,2014-10-31,3,36,1103
491,2011-10-24,2013-03-18,1,16,511
492,2011-10-27,2012-10-26,0,11,365
493,2011-10-31,//,8,93,2830
494,2011-11-01,2012-03-31,0,4,151
495,2011-11-01,2014-03-25,2,28,875
496,2011-11-07,//,8,92,2823
497,2011-11-07,2015-03-31,3,40,1240
498,2011-11-14,2015-10-31,3,47,1447
499,2011-11-14,2013-01-25,1,14,438
500,2011-11-28,2015-11-25,3,47,1458
501,2011-11-28,//,8,92,2802
502,2011-11-28,//,8,92,2802
503,2011-11-28,2016-04-30,4,53,1615
504,2011-11-28,2015-03-27,3,39,1215
505,2011-11-28,//,8,92,2802
506,2011-11-29,2012-04-07,0,4,130
507,2011-12-01,//,8,91,2799
508,2011-12-01,2014-09-26,2,33,1030
509,2011-12-01,2012-10-05,0,10,309
510,2011-12-01,//,8,91,2799
511,2011-12-01,2012-12-09,1,12,374
512,2011-12-01,2013-10-31,1,22,700
513,2011-12-01,2015-05-31,3,41,1277
514,2011-12-01,//,8,91,2799
515,2011-12-01,//,8,91,2799
516,2011-12-01,//,8,91,2799
517,2011-12-01,2012-05-14,0,5,165
518,2011-12-01,2016-04-30,4,52,1612
519,2011-12-01,2016-04-30,4,52,1612
520,2011-12-05,2016-05-09,4,53,1617
521,2011-12-05,//,8,91,2795
522,2011-12-05,2012-03-09,0,3,95
523,2011-12-05,2013-01-31,1,13,423
524,2011-12-05,2014-04-11,2,28,858
525,2011-12-05,2016-06-22,4,54,1661
526,2011-12-05,2016-12-09,5,60,1831
527,2011-12-05,//,8,91,2795
528,2011-12-01,2016-09-30,4,57,1765
529,2011-12-12,2014-06-10,2,29,911
530,2011-12-19,2016-11-25,4,59,1803
531,2011-12-19,2016-01-20,4,49,1493
532,2011-12-21,2013-03-31,1,15,466
533,2011-12-21,2013-04-24,1,16,490
534,2011-12-26,2013-09-06,1,20,620
535,2011-12-27,2013-02-20,1,13,421
536,2012-01-02,2016-07-31,4,54,1672
537,2012-01-03,2016-11-30,4,58,1793
538,2012-01-16,2012-06-05,0,4,141
539,2012-01-16,2014-01-15,1,23,730
540,2012-01-16,//,7,90,2753
541,2012-01-30,2016-11-30,4,58,1766
542,2012-01-30,2015-11-30,3,46,1400
543,2012-01-30,//,7,90,2739
544,2012-01-30,//,7,90,2739
545,2012-01-30,2017-02-28,5,60,1856
546,2012-02-01,2016-07-31,4,53,1642
547,2012-02-01,2012-11-15,0,9,288
548,2012-02-09,2016-12-08,4,57,1764
549,2012-02-13,2012-06-05,0,3,113
550,2012-02-15,2012-10-05,0,7,233
551,2012-02-20,2013-05-03,1,14,438
552,2012-02-27,2019-01-18,6,82,2517
553,2012-02-27,2013-05-20,1,14,448
554,2012-02-27,2014-08-14,2,29,899
555,2012-02-27,2014-01-31,1,23,704
556,2012-02-23,2013-02-20,0,11,363
557,2012-02-23,2014-04-11,2,25,778
558,2012-03-05,2013-04-30,1,13,421
559,2012-03-05,2012-06-30,0,3,117
560,2012-03-12,2012-06-30,0,3,110
561,2012-03-19,2015-06-12,3,38,1180
562,2012-03-26,//,7,88,2683
563,2012-03-27,2013-03-26,0,11,364
564,2012-04-02,2015-06-14,3,38,1168
565,2012-04-02,2014-04-04,2,24,732
566,2012-04-02,2015-10-20,3,42,1296
567,2012-04-02,2016-04-30,4,48,1489
568,2012-04-02,//,7,87,2676
569,2012-04-02,2016-04-30,4,48,1489
570,2012-04-04,2016-04-30,4,48,1487
571,2012-04-04,//,7,87,2674
572,2012-04-09,//,7,87,2669
573,2012-04-09,2013-05-20,1,13,406
574,2012-04-09,2014-10-31,2,30,935
575,2012-04-09,2012-07-31,0,3,113
576,2012-04-09,2013-04-14,1,12,370
577,2012-04-09,//,7,87,2669
578,2012-04-09,2016-04-30,4,48,1482
579,2012-04-09,//,7,87,2669
580,2012-04-09,2017-05-07,5,60,1854
581,2012-04-09,2015-11-30,3,43,1330
582,2012-04-09,2016-06-27,4,50,1540
583,2012-04-09,//,7,87,2669
584,2012-04-09,2014-09-30,2,29,904
585,2012-04-09,2018-08-10,6,76,2314
586,2012-04-09,//,7,87,2669
587,2012-04-09,2013-09-10,1,17,519
588,2012-04-09,2014-01-10,1,21,641
589,2012-04-09,2014-04-23,2,24,744
590,2012-04-09,2015-12-31,3,44,1361
591,2012-04-16,//,7,87,2662
592,2012-04-16,2014-12-31,2,32,989
593,2012-04-16,2016-04-30,4,48,1475
594,2012-04-16,//,7,87,2662
595,2012-04-16,//,7,87,2662
596,2012-04-16,//,7,87,2662
597,2012-04-16,2017-03-07,4,58,1786
598,2012-04-16,//,7,87,2662
599,2012-04-16,//,7,87,2662
600,2012-04-17,2012-06-08,0,1,52
601,2012-04-23,2014-03-21,1,22,697
602,2012-04-23,2015-11-30,3,43,1316
603,2012-04-23,//,7,87,2655
604,2012-04-23,2014-12-12,2,31,963
605,2012-04-25,2016-04-30,4,48,1466
606,2012-04-25,//,7,87,2653
607,2012-04-25,//,7,87,2653
608,2012-04-25,//,7,87,2653
609,2012-04-25,//,7,87,2653
610,2012-04-25,2012-04-26,0,0,1
611,2012-04-25,//,7,87,2653
612,2012-04-25,//,7,87,2653
613,2012-04-25,2014-09-15,2,28,873
614,2012-04-25,//,7,87,2653
615,2012-05-02,2018-07-31,6,74,2281
616,2012-05-02,//,7,86,2646
617,2012-05-07,2014-02-28,1,21,662
618,2012-05-07,2018-05-31,6,72,2215
619,2012-05-09,//,7,86,2639
620,2012-05-09,//,7,86,2639
621,2012-05-09,2014-08-31,2,27,844
622,2012-05-21,2012-12-31,0,7,224
623,2012-05-22,//,7,86,2626
624,2012-05-29,2016-07-31,4,50,1524
625,2012-05-29,2014-07-25,2,25,787
626,2012-05-29,2015-10-12,3,40,1231
627,2012-05-29,2015-05-31,3,36,1097
628,2012-05-29,2015-05-31,3,36,1097
629,2012-05-29,2015-05-31,3,36,1097
630,2012-06-04,2016-04-30,3,46,1426
631,2012-06-07,2014-02-10,1,20,613
632,2012-06-11,//,7,85,2606
633,2012-06-15,2013-07-09,1,12,389
634,2012-06-15,2013-07-09,1,12,389
635,2012-06-15,2012-10-22,0,4,129
636,2012-06-15,2013-07-09,1,12,389
637,2012-06-15,2013-10-06,1,15,478
638,2012-06-15,//,7,85,2602
639,2012-06-15,//,7,85,2602
640,2012-06-15,2016-03-20,3,45,1374
641,2012-06-18,//,7,85,2599
642,2012-06-18,2012-09-18,0,3,92
643,2012-06-18,2013-08-11,1,13,419
644,2012-06-18,2014-12-12,2,29,907
645,2012-06-18,2012-07-03,0,0,15
646,2012-06-19,//,7,85,2598
647,2012-06-23,2015-09-30,3,39,1194
648,2012-06-25,2012-08-22,0,1,58
649,2012-06-25,//,7,85,2592
650,2012-06-25,2013-10-31,1,16,493
651,2012-06-27,2017-07-14,5,60,1843
652,2012-06-28,//,7,85,2589
653,2012-06-28,2016-12-31,4,54,1647
654,2012-07-02,2016-05-15,3,46,1413
655,2012-07-02,2012-07-06,0,0,4
656,2012-07-02,2012-10-24,0,3,114
657,2012-07-09,2016-03-15,3,44,1345
658,2012-07-09,2015-11-30,3,40,1239
659,2012-07-09,2012-09-13,0,2,66
660,2012-07-16,//,7,84,2571
661,2012-07-16,//,7,84,2571
662,2012-07-16,2014-11-05,2,27,842
663,2012-07-18,2012-08-24,0,1,37
664,2012-07-18,2012-08-25,0,1,38
665,2012-07-18,2016-07-20,4,48,1463
666,2012-07-18,2012-09-24,0,2,68
667,2012-07-23,2017-06-30,4,59,1803
668,2012-07-24,2016-04-30,3,45,1376
669,2012-07-24,//,7,84,2563
670,2012-07-25,2012-08-07,0,0,13
671,2012-07-25,2012-08-07,0,0,13
672,2012-07-25,2012-12-21,0,4,149
673,2012-07-25,2012-09-28,0,2,65
674,2012-07-25,2012-09-28,0,2,65
675,2012-07-25,2012-10-16,0,2,83
676,2012-07-25,2012-09-28,0,2,65
677,2012-08-01,//,7,83,2555
678,2012-08-02,//,7,83,2554
679,2012-08-06,//,7,83,2550
680,2012-08-06,2018-07-31,5,71,2185
681,2012-08-06,//,7,83,2550
682,2012-08-06,2015-12-31,3,40,1242
683,2012-08-13,2015-05-31,2,33,1021
684,2012-08-14,2016-04-30,3,44,1355
685,2012-08-16,2013-10-04,1,13,414
686,2012-08-16,//,7,83,2540
687,2012-08-20,2015-04-10,2,31,963
688,2012-08-20,2016-07-31,3,47,1441
689,2012-08-20,2015-06-19,2,33,1033
690,2012-08-20,//,7,83,2536
691,2012-08-20,//,7,83,2536
692,2012-08-22,2012-08-24,0,0,2
693,2012-08-22,2012-08-26,0,0,4
694,2012-08-22,2012-08-26,0,0,4
695,2012-08-22,2012-08-26,0,0,4
696,2012-08-22,2012-08-26,0,0,4
697,2012-08-27,2013-12-31,1,16,491
698,2012-08-27,2014-09-05,2,24,739
699,2012-08-31,2012-09-12,0,0,12
700,2012-09-03,2016-02-29,3,41,1274
701,2012-09-03,2014-02-24,1,17,539
702,2012-09-03,//,7,82,2522
703,2012-09-06,2012-09-27,0,0,21
704,2012-09-06,2012-09-25,0,0,19
705,2012-09-06,2012-09-28,0,0,22
706,2012-09-06,2012-09-27,0,0,21
707,2012-09-06,2012-09-24,0,0,18
708,2012-09-06,2012-09-24,0,0,18
709,2012-09-06,2012-12-05,0,2,90
710,2012-09-06,2012-09-24,0,0,18
711,2012-09-10,//,7,82,2515
712,2012-09-10,2013-07-14,0,10,307
713,2012-09-07,2012-09-27,0,0,20
714,2012-09-12,2014-12-26,2,27,835
715,2012-09-17,2013-03-16,0,5,180
716,2012-09-17,2012-12-12,0,2,86
717,2012-09-17,//,7,82,2508
718,2012-09-24,//,7,82,2501
719,2012-09-24,2016-01-17,3,39,1210
720,2012-09-24,2012-12-23,0,2,90
721,2012-09-24,//,7,82,2501
722,2012-09-25,2013-06-20,0,8,268
723,2012-10-02,2013-10-06,1,12,369
724,2012-10-05,2015-08-09,2,34,1038
725,2012-10-29,2012-10-30,0,0,1
726,2012-10-15,2015-01-31,2,27,838
727,2012-10-15,2013-06-09,0,7,237
728,2012-10-17,2012-12-29,0,2,73
729,2012-10-17,//,7,81,2478
730,2012-10-17,2012-12-31,0,2,75
731,2012-10-17,2012-12-31,0,2,75
732,2012-10-22,2015-04-30,2,30,920
733,2012-10-22,//,7,81,2473
734,2012-11-05,2013-04-16,0,5,162
735,2012-11-05,//,7,80,2459
736,2012-11-07,2012-11-13,0,0,6
737,2012-11-12,2016-01-20,3,38,1164
738,2012-11-19,//,7,80,2445
739,2012-11-19,//,7,80,2445
740,2012-11-21,2013-09-06,0,9,289
741,2012-11-26,2016-04-30,3,41,1251
742,2012-11-26,//,7,80,2438
743,2012-11-26,2013-11-25,0,11,364
744,2012-11-26,2015-08-31,2,33,1008
745,2012-11-26,2019-07-31,6,80,2438
746,2012-11-28,//,7,80,2436
747,2012-11-29,//,7,80,2435
748,2012-12-03,//,7,79,2431
749,2012-12-03,2014-04-16,1,16,499
750,2012-12-06,//,7,79,2428
751,2012-12-10,2017-03-30,4,51,1571
752,2012-12-10,//,7,79,2424
753,2012-12-17,//,7,79,2417
754,2012-12-17,2016-03-31,3,39,1200
755,2012-12-20,2015-01-12,2,24,753
756,2013-01-02,2015-12-31,2,35,1093
757,2013-01-02,//,6,78,2401
758,2013-01-07,2015-05-31,2,28,874
759,2013-01-07,2016-04-30,3,39,1209
760,2013-01-14,//,6,78,2389
761,2013-01-21,//,6,78,2382
762,2013-01-21,//,6,78,2382
763,2013-01-21,2015-06-21,2,29,881
764,2013-01-21,2015-03-13,2,25,781
765,2013-01-21,2015-11-30,2,34,1043
766,2013-01-21,2016-01-06,2,35,1080
767,2013-01-21,2015-02-06,2,24,746
768,2013-01-21,//,6,78,2382
769,2013-01-21,//,6,78,2382
770,2013-01-21,2013-10-04,0,8,256
771,2013-01-21,2014-09-12,1,19,599
772,2013-01-21,2013-05-31,0,4,130
773,2013-01-21,2014-04-30,1,15,464
774,2013-01-21,2016-04-15,3,38,1180
775,2013-01-21,2014-01-31,1,12,375
776,2013-01-21,2014-02-07,1,12,382
777,2013-01-21,2016-07-31,3,42,1287
778,2013-01-21,2016-04-30,3,39,1195
779,2013-01-21,//,6,78,2382
780,2013-02-04,2013-02-20,0,0,16
781,2013-02-07,2015-02-06,1,23,729
782,2013-02-13,//,6,77,2359
783,2013-02-13,2017-02-12,3,47,1460
784,2013-02-13,2013-03-21,0,1,36
785,2013-02-13,//,6,77,2359
786,2013-02-14,2016-04-30,3,38,1171
787,2013-02-25,//,6,77,2347
788,2013-03-04,//,6,76,2340
789,2013-03-04,2015-11-13,2,32,984
790,2013-03-11,2015-11-30,2,32,994
791,2013-03-12,//,6,76,2332
792,2013-03-25,2014-12-31,1,21,646
793,2013-03-25,2013-10-31,0,7,220
794,2013-03-26,2015-12-31,2,33,1010
795,2013-04-01,//,6,75,2312
796,2013-04-01,2018-04-30,5,60,1855
797,2013-03-29,2017-04-01,4,48,1464
798,2013-04-15,2014-01-26,0,9,286
799,2013-04-22,//,6,75,2291
800,2013-04-22,//,6,75,2291
801,2013-04-22,2015-07-10,2,26,809
802,2013-04-22,//,6,75,2291
803,2013-04-22,//,6,75,2291
804,2013-04-25,2014-12-31,1,20,615
805,2013-04-29,//,6,75,2284
806,2013-05-06,//,6,74,2277
807,2013-05-08,2014-05-09,1,12,366
808,2013-05-09,2015-10-30,2,29,904
809,2013-05-13,2014-05-14,1,12,366
810,2013-05-13,2016-12-20,3,43,1317
811,2013-05-13,//,6,74,2270
812,2013-05-13,2015-12-24,2,31,955
813,2013-05-13,2015-02-06,1,20,634
814,2013-05-13,2013-05-21,0,0,8
815,2013-05-13,2015-10-16,2,29,886
816,2013-05-13,2018-04-13,4,59,1796
817,2013-05-13,2015-02-28,1,21,656
818,2013-05-13,2016-05-10,2,35,1093
819,2013-05-13,2013-05-30,0,0,17
820,2013-05-13,2013-05-22,0,0,9
821,2013-05-13,2015-12-31,2,31,962
822,2013-05-13,2016-06-30,3,37,1144
823,2013-05-13,2015-11-30,2,30,931
824,2013-05-13,2014-03-13,0,10,304
825,2013-05-15,2013-07-15,0,2,61
826,2013-05-15,2013-07-11,0,1,57
827,2013-05-15,2013-07-11,0,1,57
828,2013-05-15,2013-07-10,0,1,56
829,2013-05-15,2013-07-10,0,1,56
830,2013-05-15,2013-07-04,0,1,50
831,2013-05-15,2013-07-10,0,1,56
832,2013-05-20,2017-09-30,4,52,1594
833,2013-05-20,2016-04-30,2,35,1076
834,2013-05-20,2017-05-31,4,48,1472
835,2013-05-20,2016-04-30,2,35,1076
836,2013-05-20,2016-04-30,2,35,1076
837,2013-05-20,2016-07-31,3,38,1168
838,2013-05-20,2019-03-04,5,69,2114
839,2013-05-20,2016-07-31,3,38,1168
840,2013-05-20,2013-05-27,0,0,7
841,2013-05-20,2016-04-30,2,35,1076
842,2013-05-20,2014-04-11,0,10,326
843,2013-05-23,2013-07-22,0,1,60
844,2013-05-27,2015-11-30,2,30,917
845,2013-05-27,//,6,74,2256
846,2013-06-03,2015-12-24,2,30,934
847,2013-06-03,2013-08-08,0,2,66
848,2013-06-03,2015-02-28,1,20,635
849,2013-06-03,2015-02-24,1,20,631
850,2013-06-03,2013-10-25,0,4,144
851,2013-06-10,2016-04-30,2,34,1055
852,2013-06-10,2013-09-09,0,2,91
853,2013-06-10,//,6,73,2242
854,2013-06-10,2013-07-13,0,1,33
855,2013-06-11,2013-08-10,0,1,60
856,2013-06-11,2013-08-10,0,1,60
857,2013-06-12,2013-07-13,0,1,31
858,2013-06-17,2014-06-30,1,12,378
859,2013-06-17,2018-06-29,5,60,1838
860,2013-06-17,//,6,73,2235
861,2013-06-17,//,6,73,2235
862,2013-06-17,2014-07-10,1,12,388
863,2009-10-26,2016-07-31,6,81,2470
864,2013-07-03,2016-05-20,2,34,1052
865,2013-07-03,2016-02-20,2,31,962
866,2013-07-03,2015-06-22,1,23,719
867,2013-07-08,2019-04-20,5,69,2112
868,2013-07-08,2014-11-07,1,15,487
869,2013-07-08,2015-08-18,2,25,771
870,2013-07-08,2015-01-30,1,18,571
871,2013-07-10,2015-05-15,1,22,674
872,2013-07-15,2015-05-31,1,22,685
873,2013-07-16,2016-04-30,2,33,1019
874,2013-07-16,2014-04-04,0,8,262
875,2013-07-16,//,6,72,2206
876,2013-08-05,2015-10-15,2,26,801
877,2013-08-05,2014-01-09,0,5,157
878,2013-08-05,2016-02-29,2,30,938
879,2013-08-12,2013-11-11,0,2,91
880,2013-08-19,2013-09-13,0,0,25
881,2013-08-19,2016-01-31,2,29,895
882,2013-09-23,2014-04-15,0,6,204
883,2013-09-23,2014-10-31,1,13,403
884,2013-09-23,2015-07-10,1,21,655
885,2013-09-23,2019-07-14,5,69,2120
886,2013-09-24,2019-02-28,5,65,1983
887,2013-10-01,2015-05-31,1,19,607
888,2013-10-01,//,6,69,2129
889,2013-10-07,2015-01-30,1,15,480
890,2013-10-14,2015-02-28,1,16,502
891,2013-10-14,2014-02-04,0,3,113
892,2013-10-14,2016-04-30,2,30,929
893,2013-10-21,2013-11-05,0,0,15
894,2013-10-21,2017-02-28,3,40,1226
895,2013-10-21,//,6,69,2109
896,2013-10-21,//,6,69,2109
897,2013-10-21,2016-06-30,2,32,983
898,2013-10-21,2014-05-20,0,6,211
899,2013-10-21,2014-02-03,0,3,105
900,2013-10-28,2016-02-12,2,27,837
901,2013-10-28,2014-01-20,0,2,84
902,2013-11-04,//,6,68,2095
903,2013-11-04,//,6,68,2095
904,2013-11-04,2016-07-31,2,32,1000
905,2013-11-18,//,6,68,2081
906,2013-12-01,//,6,67,2068
907,2013-12-02,//,6,67,2067
908,2013-12-02,2016-03-02,2,27,821
909,2013-12-02,2015-05-20,1,17,534
910,2013-12-02,2014-03-18,0,3,106
911,2013-12-09,2016-04-30,2,28,873
912,2013-12-10,//,6,67,2059
913,2013-12-10,2015-06-26,1,18,563
914,2013-12-16,2014-04-20,0,4,125
915,2013-12-18,//,6,67,2051
916,2013-12-23,2014-12-31,1,12,373
917,2013-12-23,2014-02-28,0,2,67
918,2013-12-26,2013-12-30,0,0,4
919,2013-12-26,2014-05-16,0,4,141
920,2013-12-30,2016-02-12,2,25,774
921,2014-01-02,2016-07-31,2,30,941
922,2014-01-06,//,5,66,2032
923,2014-01-06,//,5,66,2032
924,2014-01-13,2015-12-31,1,23,717
925,2014-01-13,2014-09-19,0,8,249
926,2014-01-15,2014-03-07,0,1,51
927,2014-01-16,2014-03-15,0,1,58
928,2014-01-16,2014-02-10,0,0,25
929,2014-01-16,2014-03-15,0,1,58
930,2014-01-16,2014-03-15,0,1,58
931,2014-01-16,2014-01-24,0,0,8
932,2014-01-16,2014-02-14,0,0,29
933,2014-01-16,2019-03-21,5,62,1890
934,2014-01-16,2014-02-14,0,0,29
935,2014-01-16,2014-03-07,0,1,50
936,2014-01-20,2018-04-30,4,51,1561
937,2014-01-27,2019-01-27,5,60,1826
938,2014-01-28,2014-03-20,0,1,51
939,2014-01-28,2014-03-20,0,1,51
940,2014-02-03,2014-05-31,0,3,117
941,2014-02-03,//,5,65,2004
942,2014-02-05,2014-03-24,0,1,47
943,2014-02-10,//,5,65,1997
944,2014-02-12,2019-05-13,5,63,1916
945,2014-02-17,2014-09-27,0,7,222
946,2014-02-17,2015-12-31,1,22,682
947,2014-02-17,2014-02-20,0,0,3
948,2014-02-20,2018-01-15,3,46,1425
949,2014-02-24,//,5,65,1983
950,2014-02-24,2015-12-31,1,22,675
951,2014-02-24,//,5,65,1983
952,2014-02-24,2015-09-30,1,19,583
953,2014-02-26,2014-03-26,0,1,28
954,2014-02-26,//,5,65,1981
955,2014-02-26,2015-02-26,1,12,365
956,2014-03-03,2015-03-30,1,12,392
957,2014-03-03,2015-07-17,1,16,501
958,2014-03-03,//,5,64,1976
959,2014-03-10,//,5,64,1969
960,2014-03-10,//,5,64,1969
961,2014-03-10,//,5,64,1969
962,2014-03-10,//,5,64,1969
963,2014-03-10,2016-04-15,2,25,767
964,2014-03-17,2016-04-30,2,25,775
965,2014-03-17,2016-08-31,2,29,898
966,2014-03-17,2017-06-16,3,38,1187
967,2014-03-17,2016-04-30,2,25,775
968,2014-03-17,2016-04-30,2,25,775
969,2014-03-17,2015-04-28,1,13,407
970,2014-03-17,2015-07-10,1,15,480
971,2014-03-19,2014-06-13,0,2,86
972,2014-03-24,2015-05-31,1,14,433
973,2014-03-24,2014-03-25,0,0,1
974,2014-03-25,2019-03-08,4,59,1809
975,2014-03-25,//,5,64,1954
976,2014-03-25,2015-07-10,1,15,472
977,2014-03-26,2014-07-21,0,3,117
978,2014-03-26,2014-07-02,0,3,98
979,2014-03-26,2017-06-16,3,38,1178
980,2014-03-26,2016-07-22,2,27,849
981,2014-03-27,//,5,64,1952
982,2014-03-27,2014-04-24,0,0,28
983,2014-03-27,2015-09-30,1,18,552
984,2014-03-27,2014-10-10,0,6,197
985,2014-04-01,//,5,63,1947
986,2014-04-01,2016-02-22,1,22,692
987,2014-04-01,2016-09-29,2,29,912
988,2014-04-07,2014-12-31,0,8,268
989,2014-04-07,2016-04-30,2,24,754
990,2014-04-14,2016-05-30,2,25,777
991,2014-04-14,//,5,63,1934
992,2014-04-14,2017-02-28,2,34,1051
993,2014-04-14,2016-03-31,1,23,717
994,2014-04-14,2015-04-30,1,12,381
995,2014-04-16,//,5,63,1932
996,2014-04-21,2016-04-30,2,24,740
997,2014-04-21,2017-11-07,3,42,1296
998,2014-04-28,//,5,63,1920
999,2014-04-28,2014-08-29,0,4,123
1000,2014-04-28,2016-07-31,2,27,825
1001,2014-05-07,2014-10-31,0,5,177
1002,2014-05-07,2014-11-03,0,5,180
1003,2014-05-12,2014-10-07,0,4,148
1004,2014-05-12,//,5,62,1906
1005,2014-05-19,2016-04-30,1,23,712
1006,2014-05-19,2015-08-15,1,14,453
1007,2014-05-26,2015-06-12,1,12,382
1008,2014-05-26,2016-01-04,1,19,588
1009,2014-05-26,//,5,62,1892
1010,2014-05-26,2019-04-12,4,58,1782
1011,2014-06-02,2015-06-12,1,12,375
1012,2014-06-02,2015-01-09,0,7,221
1013,2014-06-02,2015-02-17,0,8,260
1014,2014-06-02,//,5,61,1885
1015,2014-06-02,2015-10-14,1,16,499
1016,2014-06-02,2015-09-22,1,15,477
1017,2014-06-09,2015-11-30,1,17,539
1018,2014-06-09,2015-10-02,1,15,480
1019,2014-06-09,2014-10-30,0,4,143
1020,2014-06-09,2014-08-14,0,2,66
1021,2014-06-09,2014-08-14,0,2,66
1022,2014-06-11,//,5,61,1876
1023,2014-06-16,2016-03-18,1,21,641
1024,2014-06-16,2015-12-31,1,18,563
1025,2014-06-17,2018-03-31,3,45,1383
1026,2014-06-18,2018-04-27,3,46,1409
1027,2014-06-18,2015-09-30,1,15,469
1028,2014-06-18,//,5,61,1869
1029,2014-06-16,2014-06-18,0,0,2
1030,2014-06-23,2014-12-05,0,5,165
1031,2014-06-23,//,5,61,1864
1032,2014-06-30,2019-02-06,4,55,1682
1033,2014-06-30,2015-03-16,0,8,259
1034,2014-07-10,2016-04-30,1,21,660
1035,2014-07-14,2015-11-25,1,16,499
1036,2014-07-14,2014-10-23,0,3,101
1037,2014-07-14,2014-07-16,0,0,2
1038,2014-07-14,2016-08-04,2,24,752
1039,2014-07-21,2017-04-30,2,33,1014
1040,2014-07-28,//,5,60,1829
1041,2014-07-29,2014-10-01,0,2,64
1042,2014-08-11,2016-04-30,1,20,628
1043,2014-08-11,2015-02-28,0,6,201
1044,2014-08-11,//,5,59,1815
1045,2014-08-13,2014-08-26,0,0,13
1046,2014-08-13,2015-02-12,0,5,183
1047,2014-08-13,2014-12-10,0,3,119
1048,2014-08-13,2015-04-01,0,7,231
1049,2014-08-18,2016-08-17,1,23,730
1050,2014-08-18,2014-10-31,0,2,74
1051,2014-08-18,2014-10-31,0,2,74
1052,2014-08-21,2016-10-16,2,25,787
1053,2014-08-21,2015-03-19,0,6,210
1054,2014-08-21,2014-09-11,0,0,21
1055,2014-08-21,2015-03-19,0,6,210
1056,1994-01-01,2017-08-31,23,283,8643
1057,2014-09-01,2015-01-12,0,4,133
1058,2014-09-01,2014-10-24,0,1,53
1059,2014-09-15,2015-09-14,0,11,364
1060,2014-09-15,2015-03-31,0,6,197
1061,2014-09-15,//,5,58,1780
1062,2014-09-22,2014-09-30,0,0,8
1063,2014-09-22,//,5,58,1773
1064,2014-09-29,//,5,58,1766
1065,2014-10-01,//,5,57,1764
1066,2014-10-01,2017-12-25,3,38,1181
1067,2014-10-06,2019-01-18,4,51,1565
1068,2014-10-06,//,5,57,1759
1069,2014-10-06,2016-03-04,1,16,515
1070,2014-10-08,2015-03-31,0,5,174
1071,2014-10-13,2018-02-28,3,40,1234
1072,2014-10-15,2014-10-23,0,0,8
1073,2014-10-15,2014-10-23,0,0,8
1074,2014-10-15,2018-03-12,3,40,1244
1075,2014-10-20,2015-03-06,0,4,137
1076,2014-10-20,2015-05-15,0,6,207
1077,2014-10-20,//,5,57,1745
1078,2014-10-22,2014-10-29,0,0,7
1079,2014-10-27,2015-08-30,0,10,307
1080,2014-10-27,2015-01-24,0,2,89
1081,2014-10-27,//,5,57,1738
1082,2014-11-03,2015-03-28,0,4,145
1083,2014-11-03,//,5,56,1731
1084,2014-11-03,2016-07-31,1,20,636
1085,2014-11-03,//,5,56,1731
1086,2014-11-03,//,5,56,1731
1087,2014-11-03,2016-07-31,1,20,636
1088,2014-11-03,2016-04-30,1,17,544
1089,2014-11-10,2015-12-31,1,13,416
1090,2014-11-10,2016-02-25,1,15,472
1091,2014-11-10,2016-08-17,1,21,646
1092,2014-11-10,2015-04-27,0,5,168
1093,2014-11-12,2014-11-21,0,0,9
1094,2014-11-12,2014-11-21,0,0,9
1095,2014-11-12,2015-02-12,0,3,92
1096,2014-11-14,2015-04-21,0,5,158
1097,2014-11-17,2016-11-16,1,23,730
1098,2014-11-17,2016-04-30,1,17,530
1099,2014-11-17,2016-04-30,1,17,530
1100,2014-11-17,2014-11-30,0,0,13
1101,2014-11-17,2014-11-18,0,0,1
1102,2014-11-17,2014-12-19,0,1,32
1103,2014-11-17,2016-04-30,1,17,530
1104,2014-11-18,2014-12-31,0,1,43
1105,2014-12-01,2014-12-31,0,0,30
1106,2014-12-01,//,5,55,1703
1107,2014-12-01,//,5,55,1703
1108,2014-12-01,2016-07-31,1,19,608
1109,2014-12-01,//,5,55,1703
1110,2014-12-01,2016-04-30,1,16,516
1111,2014-12-08,2015-02-11,0,2,65
1112,2014-12-10,2018-06-04,3,41,1272
1113,2014-12-15,2015-02-05,0,1,52
1114,2014-12-15,2016-02-29,1,14,441
1115,2014-12-15,2015-02-25,0,2,72
1116,2014-12-22,2016-11-30,1,23,709
1117,2014-12-22,2016-12-21,1,23,730
1118,2014-12-22,//,5,55,1682
1119,2014-12-24,2015-03-30,0,3,96
1120,2014-12-24,2015-01-31,0,1,38
1121,2014-12-24,2015-02-17,0,1,55
1122,2014-12-24,2015-02-07,0,1,45
1123,2014-12-24,2015-02-17,0,1,55
1124,2014-12-24,2015-02-07,0,1,45
1125,2014-12-29,2016-04-18,1,15,476
1126,2014-12-29,2015-09-30,0,9,275
1127,2014-12-29,2015-03-27,0,2,88
1128,2014-12-29,//,5,55,1675
1129,2014-12-30,2015-02-13,0,1,45
1130,2014-12-30,2015-03-19,0,2,79
1131,2014-12-30,2015-03-05,0,2,65
1132,2014-12-30,2015-03-05,0,2,65
1133,2014-12-30,2015-03-05,0,2,65
1134,2015-01-01,2015-09-30,0,8,272
1135,2015-01-05,2018-01-04,2,35,1095
1136,2015-01-05,2019-03-31,4,50,1546
1137,2015-01-05,//,4,54,1668
1138,2015-01-05,2015-01-31,0,0,26
1139,2015-01-05,2016-04-30,1,15,481
1140,2015-01-09,//,4,54,1664
1141,2015-01-12,2015-10-30,0,9,291
1142,2015-01-12,2017-11-30,2,34,1053
1143,2015-01-12,2015-03-20,0,2,67
1144,2015-01-12,2015-01-28,0,0,16
1145,2015-01-14,2016-05-31,1,16,503
1146,2015-01-01,2015-12-31,0,11,364
1147,2015-01-22,2015-07-21,0,5,180
1148,2015-01-22,2015-07-21,0,5,180
1149,2015-01-22,2015-03-20,0,1,57
1150,2015-01-22,2015-06-29,0,5,158
1151,2015-01-26,//,4,54,1647
1152,2015-02-02,//,4,53,1640
1153,2015-02-02,2015-05-14,0,3,101
1154,2015-02-09,2015-06-30,0,4,141
1155,2015-02-09,2015-10-08,0,7,241
1156,2015-02-09,2016-01-04,0,10,329
1157,2015-02-09,2016-05-31,1,15,477
1158,2015-02-09,2015-09-30,0,7,233
1159,2015-02-09,2016-04-30,1,14,446
1160,2015-02-24,2016-01-08,0,10,318
1161,2015-02-23,2015-12-30,0,10,310
1162,2015-02-23,2015-03-02,0,0,7
1163,2015-02-23,2015-02-25,0,0,2
1164,2015-03-02,2018-03-31,3,36,1125
1165,2015-03-02,2016-06-17,1,15,473
1166,2015-03-02,2015-03-31,0,0,29
1167,2015-03-02,2015-03-31,0,0,29
1168,2015-03-02,2016-04-30,1,13,425
1169,2015-03-02,2018-05-22,3,38,1177
1170,2015-03-09,2015-05-27,0,2,79
1171,2015-03-09,2017-05-23,2,26,806
1172,2015-03-09,//,4,52,1605
1173,2015-03-16,2015-05-31,0,2,76
1174,2015-04-01,//,4,51,1582
1175,2015-04-06,2015-06-02,0,1,57
1176,2015-04-06,//,4,51,1577
1177,2015-04-06,2015-12-31,0,8,269
1178,2015-04-06,2015-09-11,0,5,158
1179,2015-04-06,2015-12-31,0,8,269
1180,2015-04-06,2015-12-31,0,8,269
1181,2015-04-06,2019-01-28,3,45,1393
1182,2015-04-13,2015-12-31,0,8,262
1183,2015-04-20,2015-09-30,0,5,163
1184,2015-04-22,//,4,51,1561
1185,2015-04-22,2015-09-30,0,5,161
1186,2015-04-22,2015-07-21,0,2,90
1187,2015-04-22,2015-12-02,0,7,224
1188,2015-04-27,//,4,51,1556
1189,2015-04-27,2015-12-31,0,8,248
1190,2015-04-27,2018-08-17,3,39,1208
1191,2015-04-28,2015-05-05,0,0,7
1192,2015-04-28,2015-05-05,0,0,7
1193,2015-04-29,2015-07-28,0,2,90
1194,2015-05-06,2017-01-31,1,20,636
1195,2015-05-06,2016-07-22,1,14,443
1196,2015-05-11,2015-10-29,0,5,171
1197,2015-05-13,2015-05-19,0,0,6
1198,2015-05-18,2015-08-17,0,2,91
1199,2015-05-18,2015-08-17,0,2,91
1200,2015-05-18,2017-04-30,1,23,713
1201,2015-05-21,2017-03-31,1,22,680
1202,2015-05-21,2015-12-31,0,7,224
1203,2015-05-21,2015-12-31,0,7,224
1204,2015-05-21,2015-12-31,0,7,224
1205,2015-05-21,2015-08-27,0,3,98
1206,2015-05-21,2015-12-31,0,7,224
1207,2015-05-26,2015-08-26,0,3,92
1208,2015-05-26,2016-04-30,0,11,340
1209,2015-05-28,2016-05-30,1,12,368
1210,2015-06-01,//,4,49,1521
1211,2015-06-08,2015-09-25,0,3,109
1212,2015-06-08,2016-04-30,0,10,327
1213,2015-06-10,2015-12-31,0,6,204
1214,2015-06-10,2015-09-09,0,2,91
1215,2015-06-10,2015-07-31,0,1,51
1216,2015-06-15,2015-06-30,0,0,15
1217,2015-06-12,2015-07-30,0,1,48
1218,2015-06-22,2015-10-31,0,4,131
1219,2015-06-22,2015-12-31,0,6,192
1220,2015-06-24,2016-02-14,0,7,235
1221,2015-06-29,2016-04-30,0,10,306
1222,2015-06-29,2015-11-30,0,5,154
1223,2015-07-13,2019-03-29,3,44,1355
1224,2015-07-13,2015-08-30,0,1,48
1225,2015-07-13,2015-08-30,0,1,48
1226,2015-07-13,2015-08-30,0,1,48
1227,2015-07-20,//,4,48,1472
1228,1999-09-01,2019-07-31,19,238,7273
1229,2015-08-03,2015-10-02,0,1,60
1230,2015-08-10,2019-04-30,3,44,1359
1231,2015-08-10,2016-08-10,1,12,366
1232,2015-08-10,2016-04-30,0,8,264
1233,2015-08-17,2015-09-07,0,0,21
1234,2015-08-24,2016-07-06,0,10,317
1235,2015-08-25,2016-08-26,1,12,367
1236,2015-09-07,2018-01-19,2,28,865
1237,2015-10-01,//,4,45,1399
1238,2019-03-08,2019-03-08,0,0,0
1239,2015-10-01,2016-03-11,0,5,162
1240,2015-10-05,2016-04-30,0,6,208
1241,2015-10-15,2015-12-31,0,2,77
1242,2015-10-15,2015-12-31,0,2,77
1243,2015-10-21,2018-01-31,2,27,833
1244,2015-10-27,2015-12-31,0,2,65
1245,2015-10-15,//,4,45,1385
1246,2015-11-11,//,4,44,1358
1247,2015-12-01,2017-11-30,1,23,730
1248,2015-12-01,//,4,43,1338
1249,2015-12-01,2016-11-30,0,11,365
1250,2015-12-01,2016-03-31,0,3,121
1251,2015-12-01,2017-04-28,1,16,514
1252,2015-12-01,2016-07-31,0,7,243
1253,2015-12-14,2015-12-16,0,0,2
1254,2015-12-14,2016-02-06,0,1,54
1255,2015-12-15,2016-08-19,0,8,248
1256,2015-12-21,2016-04-30,0,4,131
1257,2016-01-05,2018-02-09,2,25,766
1258,2016-01-18,2018-01-17,1,23,730
1259,2016-01-18,2016-04-17,0,2,90
1260,2016-01-18,2016-04-17,0,2,90
1261,2016-01-18,2016-04-17,0,2,90
1262,2016-01-18,2016-04-17,0,2,90
1263,2016-01-18,2016-04-17,0,2,90
1264,2016-01-18,2016-04-17,0,2,90
1265,2016-01-18,2016-06-17,0,4,151
1266,2016-01-18,2016-06-17,0,4,151
1267,2016-01-18,2016-04-17,0,2,90
1268,2016-01-18,2016-04-17,0,2,90
1269,2016-01-25,2016-09-21,0,7,240
1270,2016-01-28,2016-04-27,0,2,90
1271,2016-01-28,2016-03-16,0,1,48
1272,2016-02-15,2018-06-28,2,28,864
1273,2016-02-15,2017-03-17,1,13,396
1274,2016-02-15,//,3,41,1262
1275,2016-02-15,2016-12-07,0,9,296
1276,2016-02-15,//,3,41,1262
1277,2016-02-22,//,3,41,1255
1278,2016-02-26,2017-02-25,0,11,365
1279,2016-02-26,2016-10-19,0,7,236
1280,2016-03-02,2016-04-26,0,1,55
1281,2016-03-03,2017-04-28,1,13,421
1282,2016-03-10,2018-03-12,2,24,732
1283,2016-03-26,//,3,40,1222
1284,2016-05-11,//,3,38,1176
1285,2016-06-01,//,3,37,1155
1286,2016-06-01,2016-07-31,0,1,60
1287,2016-06-01,2016-07-31,0,1,60
1288,2016-06-01,2016-07-31,0,1,60
1289,2016-06-01,2016-06-30,0,0,29
1290,2016-06-15,2016-07-31,0,1,46
1291,2016-09-05,2016-10-27,0,1,52
1292,2016-09-05,2017-10-27,1,13,417
1293,2016-09-05,2016-10-25,0,1,50
1294,2016-09-05,2016-10-25,0,1,50
1295,2016-09-05,//,3,34,1059
1296,2016-09-05,//,3,34,1059
1297,2016-09-05,//,3,34,1059
1298,2016-09-05,//,3,34,1059
1299,2016-09-05,2016-12-20,0,3,106
1300,2016-09-05,2016-10-17,0,1,42
1301,2016-09-05,2016-11-25,0,2,81
1302,2016-09-05,2018-07-08,1,22,671
1303,2016-09-05,2016-11-25,0,2,81
1304,2016-09-05,2017-09-22,1,12,382
1305,2016-10-20,//,3,33,1014
1306,2016-10-24,//,3,33,1010
1307,2016-12-20,//,3,31,953
1308,2017-01-01,2018-11-30,1,22,698
1309,2017-01-01,//,2,30,941
1310,2017-01-02,//,2,30,940
1311,2017-01-09,2017-05-31,0,4,142
1312,2017-01-16,//,2,30,926
1313,2017-01-21,//,2,30,921
1314,2017-02-01,2017-07-31,0,5,180
1315,2017-02-21,2017-07-03,0,4,132
1316,2017-02-21,//,2,29,890
1317,2017-02-21,2017-08-23,0,6,183
1318,2017-03-20,//,2,28,863
1319,2017-03-21,2018-03-20,0,11,364
1320,2017-03-21,//,2,28,862
1321,2017-07-10,//,2,24,751
1322,2017-07-17,2019-04-26,1,21,648
1323,2017-08-07,//,2,23,723
1324,2017-08-16,//,2,23,714
1325,2017-08-16,//,2,23,714
1326,2017-12-01,//,2,19,607
1327,2017-12-11,//,2,19,597
1328,2017-12-18,2019-05-03,1,16,501
1329,2017-12-18,2019-03-26,1,15,463
1330,2018-01-02,//,1,18,575
1331,2018-01-02,2019-01-01,0,11,364
1332,2018-01-02,//,1,18,575
1333,2018-01-02,2019-07-31,1,18,575
1334,2018-01-02,2019-06-30,1,17,544
1335,2018-01-15,//,1,18,562
1336,2018-01-18,2019-01-17,0,11,364
1337,2018-02-01,//,1,17,545
1338,2018-02-19,//,1,17,527
1339,2018-02-26,//,1,17,520
1340,2018-02-26,//,1,17,520
1341,2018-05-23,2019-01-04,0,7,226
1342,2018-06-18,2019-07-31,1,13,408
1343,2018-06-25,2018-11-09,0,4,137
1344,2018-07-02,//,1,12,394
1345,2018-07-02,//,1,12,394
1346,2018-08-08,//,1,11,357
1347,2018-09-03,2018-12-21,0,3,109
1348,2018-10-26,//,1,9,278
1349,2018-11-19,2019-07-05,0,7,228
1350,2018-12-01,//,1,7,242
1351,2018-12-26,//,1,7,217
1352,2019-01-01,//,0,6,211
1353,2019-01-07,2019-05-17,0,4,130
1354,2019-01-14,2019-03-14,0,2,59
1355,2019-02-13,//,0,5,168
1356,2019-02-21,2019-02-21,0,0,0
1357,2019-04-01,//,0,3,121
1358,2019-04-29,//,0,3,93
1359,2019-05-01,//,0,2,91
1360,2019-06-07,//,0,1,54
1361,2019-06-24,//,0,1,37
1362,2019-07-09,//,0,0,22
1363,2011-09-01,2014-09-19,3,36,1114
1364,2011-10-01,2016-09-30,4,59,1826
1365,2012-01-06,2012-07-13,0,6,189
1366,2013-03-06,2015-03-05,1,23,729
1367,2013-03-18,//,6,76,2326
1368,2014-06-23,2014-08-23,0,2,61
1369,2014-06-24,2014-06-26,0,0,2
1370,2014-06-24,2014-08-23,0,1,60
1371,2014-06-25,2014-08-09,0,1,45
1372,2014-07-01,2014-08-14,0,1,44
1373,2014-07-01,2014-07-09,0,0,8
1374,2014-07-11,2014-08-23,0,1,43
1375,2015-10-01,//,4,45,1399
1376,2015-12-01,2016-09-30,0,9,304
1377,2015-12-01,2018-12-31,3,36,1126
1378,2015-12-21,2016-09-23,0,9,277
1379,2016-01-18,2016-10-25,0,9,281
1380,2016-01-21,2017-01-20,0,11,365
1381,2016-03-02,2016-09-23,0,6,205
1382,2012-05-29,2018-11-30,6,78,2376
1383,2016-07-28,2016-11-30,0,4,125
1384,2006-05-08,//,13,158,4832
1385,2013-10-01,2018-04-30,4,54,1672
1386,2006-10-12,//,13,153,4675
1387,2012-05-29,//,7,86,2619
1388,2009-08-21,2017-12-22,8,100,3045
1389,2010-07-21,//,9,108,3297
1390,2011-12-01,//,8,91,2799
1391,2014-03-24,//,5,64,1955
1392,2016-08-29,2017-08-28,0,11,364
1393,2016-10-10,2017-10-09,0,11,364
1394,2016-10-26,2018-10-25,1,23,729
1395,2017-01-02,2019-01-01,1,23,729
1396,2017-08-24,//,2,23,706
1397,2017-10-11,2017-12-31,0,2,81
1398,2018-02-05,//,1,17,541
1399,2019-03-01,//,0,4,152
1400,2019-03-18,2019-03-27,0,0,9
1401,2019-05-01,//,0,2,91
1402,2019-05-01,//,0,2,91
1403,2019-06-19,//,0,1,42
1404,2008-01-09,2010-01-11,2,24,733
1405,2008-01-09,2012-10-20,4,57,1746
1406,2008-01-09,2011-02-15,3,37,1133
1407,2008-01-09,2009-09-29,1,20,629
1408,2008-01-09,2009-01-07,0,11,364
1409,2008-01-09,2009-09-29,1,20,629
1410,2008-01-09,2009-10-06,1,20,636
1411,2008-01-09,2009-07-08,1,17,546
1412,2008-01-09,2011-03-08,3,37,1154
1413,2008-01-09,2009-07-08,1,17,546
1414,2008-01-09,2009-01-12,1,12,369
1415,2008-01-09,2011-03-11,3,38,1157
1416,2008-01-09,2009-07-08,1,17,546
1417,2008-01-09,2010-01-11,2,24,733
1418,2008-01-09,2009-07-28,1,18,566
1419,2008-01-09,2011-02-28,3,37,1146
1420,2008-01-09,2009-01-07,0,11,364
1421,2008-01-09,2009-01-07,0,11,364
1422,2008-01-09,2011-01-11,3,36,1098
1423,2008-01-09,2009-01-07,0,11,364
1424,2008-01-09,2009-01-10,1,12,367
1425,2008-01-09,2008-12-31,0,11,357
1426,2008-01-09,2011-03-08,3,37,1154
1427,2008-01-09,2011-01-17,3,36,1104
1428,2009-01-06,2011-11-07,2,34,1035
1429,2009-01-06,2010-01-11,1,12,370
1430,2009-01-06,2011-01-17,2,24,741
1431,2009-01-06,2011-01-07,2,24,731
1432,2009-01-06,2011-01-07,2,24,731
1433,2009-01-06,2011-11-07,2,34,1035
1434,2009-02-16,2011-04-18,2,26,791
1435,2009-02-16,2011-02-15,1,23,729
1436,2009-02-16,2011-02-28,2,24,742
1437,2007-06-18,2009-06-11,1,23,724
1438,2007-09-11,2010-05-19,2,32,981
1439,2007-09-11,2010-12-31,3,39,1207
1440,2007-09-27,2011-05-20,3,43,1331
1441,2007-10-27,2008-10-31,1,12,370
1442,2007-11-10,2011-01-01,3,37,1148
1443,2008-01-01,2009-01-10,1,12,375
1444,2008-06-16,2009-06-16,1,12,365
1445,2008-02-21,2009-02-28,1,12,373
1446,2008-06-12,2009-01-29,0,7,231
1447,2008-06-16,2009-06-30,1,12,379
1448,2008-06-18,2009-01-29,0,7,225
1449,2008-06-23,2009-01-27,0,7,218
1450,2008-09-20,2009-05-31,0,8,253
1451,2008-09-20,2009-04-13,0,6,205
1452,2008-11-18,2010-03-31,1,16,498
1453,2008-12-09,2011-05-20,2,29,892
1454,2008-12-15,2008-12-31,0,0,16
1455,2008-12-15,2008-12-31,0,0,16
1456,2008-12-15,2009-06-30,0,6,197
1457,2008-12-15,2009-12-31,1,12,381
1458,2008-12-15,2009-12-31,1,12,381
1459,2008-12-15,2009-12-31,1,12,381
1460,2009-01-13,2009-01-31,0,0,18
1461,2009-01-14,2009-04-23,0,3,99
1462,2009-01-14,2009-12-31,0,11,351
1463,2009-02-08,2009-02-12,0,0,4
1464,2009-05-31,2009-07-31,0,2,61
1465,2009-01-11,2010-05-19,1,16,493
1466,2008-11-01,2010-12-31,2,25,790
1467,2010-01-01,2010-02-08,0,1,38
1468,2010-02-26,2010-03-05,0,0,7
1469,2009-12-10,2010-01-31,0,1,52
1470,2010-03-08,2010-05-30,0,2,83
1471,2010-03-08,2010-05-22,0,2,75
1472,2010-03-08,2010-04-24,0,1,47
1473,2010-04-01,2011-05-20,1,13,414
1474,2010-02-01,2010-02-28,0,0,27
1475,2010-02-24,2010-06-09,0,3,105
1476,2009-09-21,2010-06-18,0,8,270
1477,2010-02-17,2010-03-31,0,1,42
1478,2009-11-23,2011-05-20,1,17,543
1479,2009-12-01,2010-06-08,0,6,189
1480,2008-06-16,2011-05-20,2,35,1068
1481,2010-04-07,2011-01-31,0,9,299
1482,2010-10-05,2011-01-01,0,2,88
1483,2010-10-01,2011-01-31,0,3,122
1484,2010-10-18,2010-12-04,0,1,47
1485,2010-10-18,2010-12-06,0,1,49
1486,2010-10-18,2010-11-08,0,0,21
1487,2010-11-02,2010-11-05,0,0,3
1488,2010-11-02,2010-11-03,0,0,1
1489,2010-11-03,2010-11-05,0,0,2
1490,2010-11-03,2010-11-05,0,0,2
1491,2010-11-03,2010-11-05,0,0,2
1492,2010-11-09,2010-12-04,0,0,25
1493,2010-12-10,2010-12-18,0,0,8
